patterns, probability of distruction, occurrences
20,0,10660.8
20,0.01,10640.2
20,0.02,10611.9
20,0.03,10580.4
20,0.04,10551.6
20,0.05,10515.4
20,0.06,10478.9
20,0.07,10436.7
20,0.08,10403.2
20,0.09,10362.3
20,0.1,10322.7
20,0.11,10276.3
20,0.12,10227.2
20,0.13,10170.2
20,0.14,10135.2
20,0.15,10075.9
20,0.16,10037.4
20,0.17,9973.48
20,0.18,9915.32
20,0.19,9861.95
20,0.2,9796.77
20,0.21,9747.79
20,0.22,9677.66
20,0.23,9617.28
20,0.24,9529.91
20,0.25,9486.95
20,0.26,9417.69
20,0.27,9347.62
20,0.28,9268.03
20,0.29,9195.88
20,0.3,9122.37
20,0.31,9052.37
20,0.32,8976.34
20,0.33,8907.7
20,0.34,8834.89
20,0.35,8743.77
20,0.36,8653.51
20,0.37,8594.91
20,0.38,8506.19
20,0.39,8401.88
20,0.4,8332.26
20,0.41,8241.39
20,0.42,8144.68
20,0.43,8049.14
20,0.44,7960.69
20,0.45,7870.09
20,0.46,7777.64
20,0.47,7682.5
20,0.48,7584.09
20,0.49,7469.56
20,0.5,7385.96
20,0.51,7264.4
20,0.52,7169.17
20,0.53,7082.6
20,0.54,6969.43
20,0.55,6850.41
20,0.56,6755.66
20,0.57,6640.65
20,0.58,6531.01
20,0.59,6414.7
20,0.6,6307.25
20,0.61,6178.5
20,0.62,6059.76
20,0.63,5941.15
20,0.64,5832.84
20,0.65,5684.7
20,0.66,5591.49
20,0.67,5455.96
20,0.68,5349.09
20,0.69,5200.19
20,0.7,5073.54
20,0.71,4941.6
20,0.72,4806.7
20,0.73,4665
20,0.74,4527.57
20,0.75,4392.26
20,0.76,4244.5
20,0.77,4085.09
20,0.78,3961.87
20,0.79,3807.21
20,0.8,3687.45
20,0.81,3499.31
20,0.82,3354
20,0.83,3199.39
20,0.84,3024.97
20,0.85,2851.02
20,0.86,2718.24
20,0.87,2530.28
20,0.88,2365.52
20,0.89,2206
20,0.9,2011.82
20,0.91,1828.17
20,0.92,1637.34
20,0.93,1457.69
20,0.94,1263.6
20,0.95,1064.76
20,0.96,864.352
20,0.97,651.699
20,0.98,442.702
20,0.99,227.603
21,0,10774.6
21,0.01,10915.7
21,0.02,11017.6
21,0.03,9510.2
21,0.04,11138.9
21,0.05,11167.1
21,0.06,11202
21,0.07,11224.1
21,0.08,11236.6
21,0.09,9191.96
21,0.1,11253.8
21,0.11,11238.6
21,0.12,11241.2
21,0.13,8969.97
21,0.14,11203.8
21,0.15,11180.8
21,0.16,11154.4
21,0.17,11112
21,0.18,8670.62
21,0.19,11039.4
21,0.2,8537.78
21,0.21,10967
21,0.22,10907.6
21,0.23,10867.2
21,0.24,10819.2
21,0.25,10755.2
21,0.26,10705.5
21,0.27,10628.1
21,0.28,10582.5
21,0.29,10512.1
21,0.3,10437.5
21,0.31,10371.7
21,0.32,10312.1
21,0.33,10226.2
21,0.34,10155.4
21,0.35,10076.7
21,0.36,9991.71
21,0.37,9898.24
21,0.38,9831.16
21,0.39,9725.59
21,0.4,9641.69
21,0.41,9559.33
21,0.42,6938.76
21,0.43,9369.44
21,0.44,9261.73
21,0.45,9150.77
21,0.46,9063.23
21,0.47,8974.91
21,0.48,8855.02
21,0.49,8743.66
21,0.5,8622
21,0.51,8524.02
21,0.52,8421.81
21,0.53,8299.01
21,0.54,8191.82
21,0.55,8059.04
21,0.56,7943.48
21,0.57,7802.38
21,0.58,7689.27
21,0.59,7574.72
21,0.6,5297.3
21,0.61,7295.71
21,0.62,7169.49
21,0.63,7033.35
21,0.64,6902
21,0.65,6757.97
21,0.66,4664.58
21,0.67,6476.1
21,0.68,4456.47
21,0.69,6169.37
21,0.7,6008.4
21,0.71,5868.05
21,0.72,5704.81
21,0.73,5553.98
21,0.74,5407.17
21,0.75,5233.26
21,0.76,5046.3
21,0.77,4881.79
21,0.78,4736.75
21,0.79,4534.58
21,0.8,4374.58
21,0.81,4189.83
21,0.82,4002.79
21,0.83,3826.81
21,0.84,3641.28
21,0.85,3440.28
21,0.86,2228.51
21,0.87,3054.64
21,0.88,1942.42
21,0.89,2627.18
21,0.9,1646.92
21,0.91,2221.14
21,0.92,1969.3
21,0.93,1761.83
21,0.94,1522.49
21,0.95,1286.48
21,0.96,1049.61
21,0.97,534.384
21,0.98,532.268
21,0.99,183.69
22,0,10888.1
22,0.01,10853.7
22,0.02,10820
22,0.03,10798.8
22,0.04,10771.5
22,0.05,10727.8
22,0.06,10697.2
22,0.07,10659.2
22,0.08,10617.1
22,0.09,10579.7
22,0.1,10533
22,0.11,10484.2
22,0.12,10442.2
22,0.13,10388.9
22,0.14,10345
22,0.15,10287.8
22,0.16,10235.9
22,0.17,10179.2
22,0.18,10118
22,0.19,10064.4
22,0.2,9990.57
22,0.21,9933.9
22,0.22,9881.79
22,0.23,9816.32
22,0.24,9744.28
22,0.25,9680.76
22,0.26,9610.66
22,0.27,9525.52
22,0.28,9464.08
22,0.29,9381.34
22,0.3,9310.04
22,0.31,9242.99
22,0.32,9160.18
22,0.33,9084.72
22,0.34,9000.28
22,0.35,8926.66
22,0.36,8834.61
22,0.37,8757.8
22,0.38,8662.58
22,0.39,8577.12
22,0.4,8484.63
22,0.41,8393.4
22,0.42,8300.32
22,0.43,8203.01
22,0.44,8105.08
22,0.45,8016.96
22,0.46,7895.36
22,0.47,7816.69
22,0.48,7729.93
22,0.49,7629.17
22,0.5,7545.12
22,0.51,7429.23
22,0.52,7306.44
22,0.53,7216.63
22,0.54,7098.83
22,0.55,7000.94
22,0.56,6882.14
22,0.57,6764.2
22,0.58,6645.27
22,0.59,6528.59
22,0.6,6409.77
22,0.61,6298.21
22,0.62,6188.98
22,0.63,6060.22
22,0.64,5949.53
22,0.65,5802.49
22,0.66,5676.08
22,0.67,5561.57
22,0.68,5435.26
22,0.69,5280.83
22,0.7,5158.32
22,0.71,5023.7
22,0.72,4881.52
22,0.73,4740.13
22,0.74,4611.34
22,0.75,4440.71
22,0.76,4320.89
22,0.77,4177.61
22,0.78,4024.14
22,0.79,3869.95
22,0.8,3722.29
22,0.81,3538.99
22,0.82,3386.16
22,0.83,3248.43
22,0.84,3071.26
22,0.85,2930.48
22,0.86,2756.26
22,0.87,2576.14
22,0.88,2379.28
22,0.89,2226.4
22,0.9,2055.75
22,0.91,1853.59
22,0.92,1672.81
22,0.93,1469.99
22,0.94,1282.33
22,0.95,1076.04
22,0.96,882.807
22,0.97,665.848
22,0.98,447.887
22,0.99,229.874
23,0,10983.2
23,0.01,11114.7
23,0.02,11218
23,0.03,9758.06
23,0.04,11334
23,0.05,11368.9
23,0.06,11401.4
23,0.07,11427.1
23,0.08,11433.5
23,0.09,9456.1
23,0.1,11442.2
23,0.11,11432.8
23,0.12,11409.2
23,0.13,9207.65
23,0.14,11372.2
23,0.15,11344.3
23,0.16,11321.8
23,0.17,11283.8
23,0.18,8905.73
23,0.19,11213.9
23,0.2,8766.31
23,0.21,11130.5
23,0.22,11077.5
23,0.23,11029.3
23,0.24,10970.3
23,0.25,10913.3
23,0.26,10855.2
23,0.27,10788.7
23,0.28,10724.1
23,0.29,10657.7
23,0.3,10591.8
23,0.31,10512.3
23,0.32,10434.7
23,0.33,10368.3
23,0.34,10276.8
23,0.35,10191.9
23,0.36,10117.4
23,0.37,10036.9
23,0.38,9950.87
23,0.39,9853.45
23,0.4,9757.35
23,0.41,9674.43
23,0.42,7126.69
23,0.43,9485.56
23,0.44,9374.27
23,0.45,9271.38
23,0.46,9179.15
23,0.47,9076.78
23,0.48,8950.2
23,0.49,8843.68
23,0.5,8728.35
23,0.51,8629.82
23,0.52,8502.67
23,0.53,8386.52
23,0.54,8255.82
23,0.55,8152.48
23,0.56,8022.86
23,0.57,7899.42
23,0.58,7771.82
23,0.59,7640.5
23,0.6,5421.36
23,0.61,7363.85
23,0.62,7236.7
23,0.63,7096.68
23,0.64,6963.01
23,0.65,6809.1
23,0.66,4765.32
23,0.67,6524.83
23,0.68,4567.7
23,0.69,6222.34
23,0.7,6080.16
23,0.71,5920.4
23,0.72,5763.61
23,0.73,5597.81
23,0.74,5422.19
23,0.75,5273.88
23,0.76,5089.58
23,0.77,4913.04
23,0.78,4760.46
23,0.79,4589.9
23,0.8,4407.08
23,0.81,4222.42
23,0.82,4054.41
23,0.83,3863.59
23,0.84,3665.66
23,0.85,3453.89
23,0.86,2280.65
23,0.87,3060.72
23,0.88,1977.7
23,0.89,2663.85
23,0.9,1688.8
23,0.91,2218.9
23,0.92,1999.61
23,0.93,1768.64
23,0.94,1525.59
23,0.95,1292.69
23,0.96,1045.46
23,0.97,531.471
23,0.98,534.654
23,0.99,186.239
24,0,11075.5
24,0.01,11054.1
24,0.02,11029.5
24,0.03,10987.2
24,0.04,10968.5
24,0.05,10931.5
24,0.06,10898
24,0.07,10863.5
24,0.08,10804.2
24,0.09,10783.1
24,0.1,10729.3
24,0.11,10675.4
24,0.12,10624.1
24,0.13,10572.2
24,0.14,10532.2
24,0.15,10472.8
24,0.16,10424.9
24,0.17,10358.6
24,0.18,10301.6
24,0.19,10243.5
24,0.2,10171.7
24,0.21,10104.2
24,0.22,10059.5
24,0.23,9996.33
24,0.24,9918.52
24,0.25,9833.93
24,0.26,9770.07
24,0.27,9715.77
24,0.28,9626.55
24,0.29,9560.85
24,0.3,9455.86
24,0.31,9393.98
24,0.32,9318.69
24,0.33,9240.23
24,0.34,9159.76
24,0.35,9074.45
24,0.36,8983.87
24,0.37,8889.79
24,0.38,8818.65
24,0.39,8737.34
24,0.4,8623.13
24,0.41,8531.23
24,0.42,8442.34
24,0.43,8363.95
24,0.44,8271.72
24,0.45,8147.61
24,0.46,8054.83
24,0.47,7952.66
24,0.48,7858.37
24,0.49,7740.64
24,0.5,7655.48
24,0.51,7525.16
24,0.52,7424.18
24,0.53,7308.3
24,0.54,7208.52
24,0.55,7101.29
24,0.56,7007.57
24,0.57,6855.66
24,0.58,6751.82
24,0.59,6651.31
24,0.6,6516.51
24,0.61,6400.14
24,0.62,6256.76
24,0.63,6153.24
24,0.64,6013.84
24,0.65,5880.99
24,0.66,5774.24
24,0.67,5639.86
24,0.68,5508.64
24,0.69,5360.26
24,0.7,5237.47
24,0.71,5100.39
24,0.72,4957.44
24,0.73,4831.35
24,0.74,4670.73
24,0.75,4546.14
24,0.76,4377.75
24,0.77,4244.47
24,0.78,4083.54
24,0.79,3904.49
24,0.8,3777.83
24,0.81,3623.25
24,0.82,3443.1
24,0.83,3287.55
24,0.84,3108.91
24,0.85,2930.18
24,0.86,2787.91
24,0.87,2605.41
24,0.88,2434.69
24,0.89,2258.84
24,0.9,2075.25
24,0.91,1896.45
24,0.92,1678.59
24,0.93,1492.35
24,0.94,1308.17
24,0.95,1094.4
24,0.96,879.936
24,0.97,684.85
24,0.98,453.085
24,0.99,231.528
25,0,11175.1
25,0.01,11315
25,0.02,11396.4
25,0.03,9991.25
25,0.04,11517
25,0.05,11552.7
25,0.06,11576.5
25,0.07,11596.5
25,0.08,11607
25,0.09,9668.91
25,0.1,11607.6
25,0.11,11595.9
25,0.12,11588.4
25,0.13,9440.59
25,0.14,11535.4
25,0.15,11509.3
25,0.16,11480.5
25,0.17,11447.9
25,0.18,9129.84
25,0.19,11356
25,0.2,9001.91
25,0.21,11274.8
25,0.22,11220.9
25,0.23,11172.1
25,0.24,11107.6
25,0.25,11058.2
25,0.26,10985
25,0.27,10920.2
25,0.28,10854.8
25,0.29,10772.6
25,0.3,10704.6
25,0.31,10638.1
25,0.32,10557.4
25,0.33,10481.7
25,0.34,10415.3
25,0.35,10312.4
25,0.36,10226.3
25,0.37,10144.3
25,0.38,10068.4
25,0.39,9967.37
25,0.4,9864.11
25,0.41,9774.05
25,0.42,7311.15
25,0.43,9585
25,0.44,9468.02
25,0.45,9376.59
25,0.46,9256.04
25,0.47,9152.76
25,0.48,9036.75
25,0.49,8959.87
25,0.5,8820.25
25,0.51,8701.01
25,0.52,8582.24
25,0.53,8465.49
25,0.54,8337.82
25,0.55,8207.93
25,0.56,8093.53
25,0.57,7972.54
25,0.58,7841.13
25,0.59,7722.14
25,0.6,5556.85
25,0.61,7433.11
25,0.62,7295.46
25,0.63,7158.71
25,0.64,7002.07
25,0.65,6878.63
25,0.66,4901.52
25,0.67,6582.05
25,0.68,4660.48
25,0.69,6258.55
25,0.7,6114.8
25,0.71,5968.47
25,0.72,5815.62
25,0.73,5644.35
25,0.74,5469.11
25,0.75,5308.18
25,0.76,5143.31
25,0.77,4950.59
25,0.78,4792.98
25,0.79,4597.19
25,0.8,4440.33
25,0.81,4276.13
25,0.82,4059.87
25,0.83,3876.56
25,0.84,3670.33
25,0.85,3477.55
25,0.86,2325.18
25,0.87,3069.23
25,0.88,2046.09
25,0.89,2666.91
25,0.9,1723.82
25,0.91,2213.62
25,0.92,1998.06
25,0.93,1765.87
25,0.94,1537.5
25,0.95,1297.6
25,0.96,1059.16
25,0.97,559.177
25,0.98,534.213
25,0.99,191.557
26,0,11270.2
26,0.01,11240.7
26,0.02,11207
26,0.03,11175.5
26,0.04,11147
26,0.05,11112.9
26,0.06,11065.3
26,0.07,11034.1
26,0.08,10996.7
26,0.09,10949.5
26,0.1,10899.9
26,0.11,10863.3
26,0.12,10817.5
26,0.13,10768.1
26,0.14,10709.1
26,0.15,10650.9
26,0.16,10582.5
26,0.17,10537.1
26,0.18,10472.5
26,0.19,10414.2
26,0.2,10359.8
26,0.21,10281
26,0.22,10205.7
26,0.23,10146.9
26,0.24,10066.1
26,0.25,9997.11
26,0.26,9939.72
26,0.27,9871.8
26,0.28,9785.89
26,0.29,9709.95
26,0.3,9631.49
26,0.31,9550.89
26,0.32,9467.37
26,0.33,9383.82
26,0.34,9280.59
26,0.35,9203.01
26,0.36,9130.07
26,0.37,9040.7
26,0.38,8942.98
26,0.39,8861.21
26,0.4,8771.3
26,0.41,8675.77
26,0.42,8562
26,0.43,8468.23
26,0.44,8378.96
26,0.45,8283.49
26,0.46,8181.01
26,0.47,8082.31
26,0.48,7985.87
26,0.49,7866.88
26,0.5,7773.31
26,0.51,7658.36
26,0.52,7532.2
26,0.53,7411.09
26,0.54,7321.49
26,0.55,7194.36
26,0.56,7099.77
26,0.57,6972.68
26,0.58,6851.7
26,0.59,6722.99
26,0.6,6612.33
26,0.61,6486.89
26,0.62,6378.74
26,0.63,6240.03
26,0.64,6110.52
26,0.65,5971.74
26,0.66,5844.11
26,0.67,5704.83
26,0.68,5585.34
26,0.69,5441.45
26,0.7,5313.84
26,0.71,5155.05
26,0.72,5014.18
26,0.73,4887.56
26,0.74,4739.45
26,0.75,4578.12
26,0.76,4450.17
26,0.77,4288.68
26,0.78,4117.91
26,0.79,3983.64
26,0.8,3821.78
26,0.81,3653.53
26,0.82,3481.35
26,0.83,3339.11
26,0.84,3162.95
26,0.85,2975.79
26,0.86,2806.97
26,0.87,2628.6
26,0.88,2461.56
26,0.89,2276.24
26,0.9,2099.43
26,0.91,1898.4
26,0.92,1722.29
26,0.93,1500.7
26,0.94,1305.08
26,0.95,1101.18
26,0.96,902.117
26,0.97,672.301
26,0.98,452.277
26,0.99,234.571
27,0,11354
27,0.01,11472.6
27,0.02,11578
27,0.03,10199.8
27,0.04,11688.4
27,0.05,11715.6
27,0.06,11740.3
27,0.07,11763.9
27,0.08,11772.9
27,0.09,9880.76
27,0.1,11761.2
27,0.11,11740.9
27,0.12,11724.6
27,0.13,9643.57
27,0.14,11683.6
27,0.15,11652.5
27,0.16,11617
27,0.17,11591
27,0.18,9327.28
27,0.19,11499.9
27,0.2,9178.89
27,0.21,11400.1
27,0.22,11350.6
27,0.23,11299.9
27,0.24,11246.5
27,0.25,11171.7
27,0.26,11119.1
27,0.27,11051.1
27,0.28,10975.6
27,0.29,10915.3
27,0.3,10829.5
27,0.31,10753.9
27,0.32,10685.9
27,0.33,10604.4
27,0.34,10510.5
27,0.35,10425.8
27,0.36,10355
27,0.37,10258.6
27,0.38,10164.2
27,0.39,10072.4
27,0.4,9979.4
27,0.41,9889.74
27,0.42,7440.99
27,0.43,9682.01
27,0.44,9571.93
27,0.45,9460.33
27,0.46,9358.33
27,0.47,9238.01
27,0.48,9131.99
27,0.49,9011.46
27,0.5,8905.02
27,0.51,8790.82
27,0.52,8672.84
27,0.53,8537.37
27,0.54,8425.34
27,0.55,8293.88
27,0.56,8172.19
27,0.57,8043.03
27,0.58,7905.67
27,0.59,7769.08
27,0.6,5668.21
27,0.61,7504.45
27,0.62,7379.38
27,0.63,7208.34
27,0.64,7074.82
27,0.65,6928.02
27,0.66,5019.89
27,0.67,6640.15
27,0.68,4768.58
27,0.69,6299.41
27,0.7,6163.21
27,0.71,6015.31
27,0.72,5851.97
27,0.73,5670.69
27,0.74,5516.46
27,0.75,5355.36
27,0.76,5168.45
27,0.77,4995.12
27,0.78,4836.66
27,0.79,4633.1
27,0.8,4443.65
27,0.81,4251.7
27,0.82,4112.51
27,0.83,3900.23
27,0.84,3692.15
27,0.85,3510.35
27,0.86,2394.23
27,0.87,3103.32
27,0.88,2064.99
27,0.89,2685.94
27,0.9,1773.06
27,0.91,2241.24
27,0.92,1988.42
27,0.93,1767.28
27,0.94,1531.9
27,0.95,1305.07
27,0.96,1041.71
27,0.97,564.081
27,0.98,540.802
27,0.99,189.333
28,0,11424.2
28,0.01,11400.8
28,0.02,11384.4
28,0.03,11350.3
28,0.04,11314.2
28,0.05,11275.5
28,0.06,11233
28,0.07,11193.1
28,0.08,11161.7
28,0.09,11118.5
28,0.1,11072.2
28,0.11,11032.1
28,0.12,10966.5
28,0.13,10921.3
28,0.14,10867.6
28,0.15,10808.9
28,0.16,10747.6
28,0.17,10697.3
28,0.18,10623.6
28,0.19,10568.3
28,0.2,10507.7
28,0.21,10442.4
28,0.22,10364.2
28,0.23,10300
28,0.24,10207.7
28,0.25,10149.7
28,0.26,10083.7
28,0.27,9996.57
28,0.28,9933.13
28,0.29,9844.37
28,0.3,9776.41
28,0.31,9685.79
28,0.32,9599.89
28,0.33,9535.81
28,0.34,9440.33
28,0.35,9358.3
28,0.36,9247.76
28,0.37,9163.78
28,0.38,9079.7
28,0.39,8990.98
28,0.4,8888.41
28,0.41,8791.92
28,0.42,8687.78
28,0.43,8607.43
28,0.44,8489.16
28,0.45,8388.2
28,0.46,8309.2
28,0.47,8210.32
28,0.48,8088.34
28,0.49,7977.32
28,0.5,7871.59
28,0.51,7756.75
28,0.52,7629.55
28,0.53,7545.28
28,0.54,7419.45
28,0.55,7301.06
28,0.56,7186.36
28,0.57,7085.36
28,0.58,6953.53
28,0.59,6821.15
28,0.6,6689.78
28,0.61,6572.6
28,0.62,6451.25
28,0.63,6340.8
28,0.64,6195.95
28,0.65,6054.6
28,0.66,5951.47
28,0.67,5800.61
28,0.68,5649.7
28,0.69,5524.46
28,0.7,5380.82
28,0.71,5242.67
28,0.72,5096.23
28,0.73,4934.33
28,0.74,4775.33
28,0.75,4643.74
28,0.76,4494.11
28,0.77,4319.45
28,0.78,4173.05
28,0.79,4020.25
28,0.8,3852.15
28,0.81,3697.62
28,0.82,3510.55
28,0.83,3356.51
28,0.84,3201.21
28,0.85,3013.15
28,0.86,2838.58
28,0.87,2658.97
28,0.88,2494.15
28,0.89,2300.49
28,0.9,2114.72
28,0.91,1915.05
28,0.92,1726.15
28,0.93,1517.38
28,0.94,1296.58
28,0.95,1104.08
28,0.96,898.421
28,0.97,682.287
28,0.98,461.003
28,0.99,236.004
29,0,11497.7
29,0.01,11633.9
29,0.02,11728.3
29,0.03,10392.9
29,0.04,11837.4
29,0.05,11875.7
29,0.06,11892.1
29,0.07,11903.9
29,0.08,11907.3
29,0.09,10072.9
29,0.1,11900.8
29,0.11,11891.3
29,0.12,11867.1
29,0.13,9827.44
29,0.14,11828.7
29,0.15,11787.4
29,0.16,11752.7
29,0.17,11730
29,0.18,9493.14
29,0.19,11630.8
29,0.2,9370.58
29,0.21,11540.4
29,0.22,11488.7
29,0.23,11424.8
29,0.24,11355.1
29,0.25,11292.3
29,0.26,11234.4
29,0.27,11157.1
29,0.28,11085.7
29,0.29,11006.8
29,0.3,10955.7
29,0.31,10861.4
29,0.32,10771.4
29,0.33,10693.8
29,0.34,10610.7
29,0.35,10541.4
29,0.36,10449.6
29,0.37,10359.6
29,0.38,10271
29,0.39,10164.4
29,0.4,10067.8
29,0.41,9950.56
29,0.42,7603.64
29,0.43,9757.61
29,0.44,9646.04
29,0.45,9539.67
29,0.46,9448
29,0.47,9331.39
29,0.48,9222
29,0.49,9098.33
29,0.5,8982.23
29,0.51,8846.97
29,0.52,8734.75
29,0.53,8621.11
29,0.54,8472.07
29,0.55,8342.01
29,0.56,8229.76
29,0.57,8084.84
29,0.58,7969.54
29,0.59,7840.39
29,0.6,5762.75
29,0.61,7548.75
29,0.62,7406.08
29,0.63,7274.25
29,0.64,7118.2
29,0.65,6968.95
29,0.66,5095.12
29,0.67,6690.95
29,0.68,4843.52
29,0.69,6367.54
29,0.7,6201.81
29,0.71,6049.5
29,0.72,5875.67
29,0.73,5731.2
29,0.74,5542.52
29,0.75,5363.28
29,0.76,5206.36
29,0.77,5033.28
29,0.78,4830.03
29,0.79,4672.89
29,0.8,4451.67
29,0.81,4288.36
29,0.82,4098.9
29,0.83,3914.02
29,0.84,3714
29,0.85,3498
29,0.86,2398.26
29,0.87,3114.72
29,0.88,2108.32
29,0.89,2692.25
29,0.9,1778.16
29,0.91,2227.37
29,0.92,2015.01
29,0.93,1774.41
29,0.94,1546.73
29,0.95,1296.4
29,0.96,1055.13
29,0.97,571.428
29,0.98,540.86
29,0.99,192.829
30,0,11587.3
30,0.01,11550.6
30,0.02,11537.3
30,0.03,11498.5
30,0.04,11466.4
30,0.05,11433.7
30,0.06,11398.9
30,0.07,11350.5
30,0.08,11315.3
30,0.09,11263.7
30,0.1,11213.8
30,0.11,11162.8
30,0.12,11118.4
30,0.13,11064.5
30,0.14,11019.3
30,0.15,10957.1
30,0.16,10891.3
30,0.17,10842.5
30,0.18,10771.5
30,0.19,10721.4
30,0.2,10642
30,0.21,10582.6
30,0.22,10511.2
30,0.23,10443.8
30,0.24,10360.1
30,0.25,10292
30,0.26,10209.2
30,0.27,10141.9
30,0.28,10069.7
30,0.29,9979.33
30,0.3,9902
30,0.31,9810.8
30,0.32,9729.42
30,0.33,9632.98
30,0.34,9553.38
30,0.35,9481.21
30,0.36,9373.83
30,0.37,9294.5
30,0.38,9184.14
30,0.39,9095.9
30,0.4,9011.49
30,0.41,8900.32
30,0.42,8797.67
30,0.43,8717.67
30,0.44,8606.85
30,0.45,8472.42
30,0.46,8390.11
30,0.47,8276.37
30,0.48,8200.63
30,0.49,8087.7
30,0.5,7962.35
30,0.51,7841.38
30,0.52,7759.76
30,0.53,7633.98
30,0.54,7490.68
30,0.55,7408.94
30,0.56,7278.66
30,0.57,7133.64
30,0.58,7026.18
30,0.59,6912.96
30,0.6,6773.8
30,0.61,6644.18
30,0.62,6526.92
30,0.63,6388.45
30,0.64,6271.85
30,0.65,6124.3
30,0.66,5975.98
30,0.67,5848.36
30,0.68,5703.6
30,0.69,5562.26
30,0.7,5440.29
30,0.71,5280.9
30,0.72,5147.5
30,0.73,4979.57
30,0.74,4846.54
30,0.75,4661.36
30,0.76,4530.17
30,0.77,4388.44
30,0.78,4222.32
30,0.79,4084.6
30,0.8,3887.52
30,0.81,3728.41
30,0.82,3574.16
30,0.83,3374.46
30,0.84,3231.59
30,0.85,3056.42
30,0.86,2865.14
30,0.87,2687.1
30,0.88,2500.37
30,0.89,2311.94
30,0.9,2118.93
30,0.91,1937.88
30,0.92,1730.24
30,0.93,1537.01
30,0.94,1314.57
30,0.95,1125.96
30,0.96,901.674
30,0.97,687.714
30,0.98,467.479
30,0.99,237.55
31,0,11652.7
31,0.01,11787.1
31,0.02,11877.2
31,0.03,10581.3
31,0.04,11986.7
31,0.05,12016.5
31,0.06,12040.8
31,0.07,12044.4
31,0.08,12052
31,0.09,10251.3
31,0.1,12037
31,0.11,12024.5
31,0.12,12001.3
31,0.13,9997.94
31,0.14,11956.4
31,0.15,11921.9
31,0.16,11884.1
31,0.17,11847.5
31,0.18,9675.62
31,0.19,11751.2
31,0.2,9531.25
31,0.21,11647.6
31,0.22,11585.1
31,0.23,11532.9
31,0.24,11470.2
31,0.25,11403.9
31,0.26,11337.2
31,0.27,11271.4
31,0.28,11187.9
31,0.29,11123
31,0.3,11050.3
31,0.31,10968.4
31,0.32,10892.1
31,0.33,10805.7
31,0.34,10715.7
31,0.35,10630.6
31,0.36,10536.6
31,0.37,10445.5
31,0.38,10343.7
31,0.39,10240.8
31,0.4,10136.1
31,0.41,10037.6
31,0.42,7731.7
31,0.43,9835.72
31,0.44,9720.11
31,0.45,9623.68
31,0.46,9525.77
31,0.47,9401.33
31,0.48,9277.03
31,0.49,9163.39
31,0.5,9049.05
31,0.51,8924.41
31,0.52,8801.79
31,0.53,8685.51
31,0.54,8560.72
31,0.55,8421.57
31,0.56,8264.54
31,0.57,8163.58
31,0.58,8011.79
31,0.59,7871.34
31,0.6,5879.01
31,0.61,7596.19
31,0.62,7486.74
31,0.63,7288.17
31,0.64,7179.33
31,0.65,6994.32
31,0.66,5177.73
31,0.67,6732.42
31,0.68,4931.94
31,0.69,6400.71
31,0.7,6236.19
31,0.71,6084.17
31,0.72,5914.16
31,0.73,5749.95
31,0.74,5565.48
31,0.75,5394.37
31,0.76,5213.84
31,0.77,5042.65
31,0.78,4875.78
31,0.79,4693.89
31,0.8,4513.15
31,0.81,4335.17
31,0.82,4139.49
31,0.83,3934.87
31,0.84,3727.42
31,0.85,3531.36
31,0.86,2445.76
31,0.87,3125.19
31,0.88,2141.47
31,0.89,2689.02
31,0.9,1802.17
31,0.91,2233.08
31,0.92,2017.7
31,0.93,1777.67
31,0.94,1537.64
31,0.95,1299.92
31,0.96,1052.51
31,0.97,571.485
31,0.98,545.603
31,0.99,187.545
32,0,11737.1
32,0.01,11710.5
32,0.02,11685
32,0.03,11643.9
32,0.04,11618.7
32,0.05,11585.3
32,0.06,11536.6
32,0.07,11500.9
32,0.08,11460.9
32,0.09,11417.6
32,0.1,11348.2
32,0.11,11320.4
32,0.12,11255.6
32,0.13,11210.5
32,0.14,11141
32,0.15,11085.4
32,0.16,11028.1
32,0.17,10973.9
32,0.18,10908.8
32,0.19,10848.5
32,0.2,10793.5
32,0.21,10697.4
32,0.22,10644.8
32,0.23,10549.2
32,0.24,10491
32,0.25,10402.7
32,0.26,10338.8
32,0.27,10275.8
32,0.28,10187.4
32,0.29,10097.7
32,0.3,10028.1
32,0.31,9913.52
32,0.32,9851.71
32,0.33,9753.5
32,0.34,9674.39
32,0.35,9588.37
32,0.36,9484.68
32,0.37,9412.65
32,0.38,9307.29
32,0.39,9212.65
32,0.4,9109.36
32,0.41,9004.14
32,0.42,8896.96
32,0.43,8795.65
32,0.44,8698.6
32,0.45,8584.4
32,0.46,8493.49
32,0.47,8381.9
32,0.48,8293.86
32,0.49,8178.53
32,0.5,8054.76
32,0.51,7946.36
32,0.52,7831.07
32,0.53,7710.66
32,0.54,7583.51
32,0.55,7453.69
32,0.56,7339.12
32,0.57,7219.92
32,0.58,7102.08
32,0.59,6969.78
32,0.6,6853.9
32,0.61,6709.82
32,0.62,6581.89
32,0.63,6481.32
32,0.64,6325.32
32,0.65,6196.11
32,0.66,6062.98
32,0.67,5910.96
32,0.68,5794.1
32,0.69,5630.39
32,0.7,5478.66
32,0.71,5333.34
32,0.72,5198.45
32,0.73,5016.05
32,0.74,4881.82
32,0.75,4725.33
32,0.76,4551.45
32,0.77,4441.11
32,0.78,4270.22
32,0.79,4107.27
32,0.8,3941.17
32,0.81,3770.5
32,0.82,3588.32
32,0.83,3422.68
32,0.84,3255.53
32,0.85,3068.65
32,0.86,2893.2
32,0.87,2701.85
32,0.88,2528.23
32,0.89,2350.78
32,0.9,2138.9
32,0.91,1957.34
32,0.92,1739.53
32,0.93,1546.58
32,0.94,1333.78
32,0.95,1131.57
32,0.96,908.553
32,0.97,678.64
32,0.98,478.26
32,0.99,234.607
33,0,11793.8
33,0.01,11926.6
33,0.02,12023.3
33,0.03,10743.3
33,0.04,12122
33,0.05,12139.8
33,0.06,12165.8
33,0.07,12178.9
33,0.08,12186.9
33,0.09,10405.2
33,0.1,12175.2
33,0.11,12156.2
33,0.12,12128.6
33,0.13,10176.1
33,0.14,12074.3
33,0.15,12031.9
33,0.16,12003.5
33,0.17,11951.8
33,0.18,9827.17
33,0.19,11872.2
33,0.2,9688.48
33,0.21,11767
33,0.22,11690.5
33,0.23,11632.2
33,0.24,11582.4
33,0.25,11516.8
33,0.26,11443.7
33,0.27,11365.4
33,0.28,11305.6
33,0.29,11229
33,0.3,11148.2
33,0.31,11069.5
33,0.32,10975
33,0.33,10885.8
33,0.34,10816
33,0.35,10710.2
33,0.36,10622.4
33,0.37,10515.3
33,0.38,10439.4
33,0.39,10328.3
33,0.4,10222.8
33,0.41,10123.7
33,0.42,7859.38
33,0.43,9905.09
33,0.44,9812.61
33,0.45,9690.13
33,0.46,9581.59
33,0.47,9458.25
33,0.48,9342.46
33,0.49,9226.64
33,0.5,9125.92
33,0.51,8994.49
33,0.52,8884.74
33,0.53,8729.87
33,0.54,8603.75
33,0.55,8470.75
33,0.56,8355.42
33,0.57,8207.94
33,0.58,8085.97
33,0.59,7926.94
33,0.6,5984.52
33,0.61,7652.48
33,0.62,7497.86
33,0.63,7360.38
33,0.64,7214.5
33,0.65,7071.47
33,0.66,5268.07
33,0.67,6766.84
33,0.68,5011.13
33,0.69,6435.85
33,0.7,6274.02
33,0.71,6114.09
33,0.72,5938.3
33,0.73,5795.92
33,0.74,5597.06
33,0.75,5427.7
33,0.76,5260.07
33,0.77,5081.22
33,0.78,4891.24
33,0.79,4721.39
33,0.8,4523.93
33,0.81,4343.58
33,0.82,4163.75
33,0.83,3948.45
33,0.84,3750.06
33,0.85,3540.68
33,0.86,2489.43
33,0.87,3134.72
33,0.88,2165.2
33,0.89,2697.77
33,0.9,1825.79
33,0.91,2244.17
33,0.92,2028.61
33,0.93,1787.1
33,0.94,1545.78
33,0.95,1305.76
33,0.96,1061.13
33,0.97,579.113
33,0.98,539.557
33,0.99,196.586
34,0,11863.4
34,0.01,11850.9
34,0.02,11811.9
34,0.03,11785.2
34,0.04,11746.5
34,0.05,11706.3
34,0.06,11673.2
34,0.07,11626.5
34,0.08,11582.2
34,0.09,11548.7
34,0.1,11497.7
34,0.11,11432.9
34,0.12,11390.6
34,0.13,11333.3
34,0.14,11294.6
34,0.15,11225.9
34,0.16,11154.1
34,0.17,11096.4
34,0.18,11027.2
34,0.19,10969.8
34,0.2,10896.6
34,0.21,10823.3
34,0.22,10753.1
34,0.23,10687.7
34,0.24,10620.6
34,0.25,10535.7
34,0.26,10463.6
34,0.27,10381
34,0.28,10297.7
34,0.29,10223.1
34,0.3,10134.5
34,0.31,10060.9
34,0.32,9977.05
34,0.33,9867.48
34,0.34,9786.25
34,0.35,9679.85
34,0.36,9595.85
34,0.37,9501.03
34,0.38,9398.02
34,0.39,9308.94
34,0.4,9210.33
34,0.41,9105.95
34,0.42,9008.68
34,0.43,8914.15
34,0.44,8810.46
34,0.45,8686.48
34,0.46,8580.92
34,0.47,8486.76
34,0.48,8375.52
34,0.49,8241.77
34,0.5,8124.8
34,0.51,8019.54
34,0.52,7908.45
34,0.53,7785.04
34,0.54,7654.53
34,0.55,7538.67
34,0.56,7412.64
34,0.57,7305.79
34,0.58,7154.57
34,0.59,7042.9
34,0.6,6909.25
34,0.61,6793.79
34,0.62,6640
34,0.63,6512.98
34,0.64,6406.67
34,0.65,6246.56
34,0.66,6096.54
34,0.67,5960.96
34,0.68,5817.55
34,0.69,5673.58
34,0.7,5539.02
34,0.71,5395.87
34,0.72,5235.81
34,0.73,5089.57
34,0.74,4931.45
34,0.75,4780.3
34,0.76,4621.12
34,0.77,4465.44
34,0.78,4314.51
34,0.79,4138.03
34,0.8,3974.24
34,0.81,3781.36
34,0.82,3633.91
34,0.83,3444.92
34,0.84,3291.18
34,0.85,3118.45
34,0.86,2920.73
34,0.87,2734.92
34,0.88,2553.74
34,0.89,2350.12
34,0.9,2178.41
34,0.91,1957.26
34,0.92,1773.26
34,0.93,1553.85
34,0.94,1352.27
34,0.95,1134.28
34,0.96,913.842
34,0.97,692.742
34,0.98,467.461
34,0.99,227.119
35,0,11927.5
35,0.01,12066.9
35,0.02,12148.7
35,0.03,10890
35,0.04,12248.8
35,0.05,12274.9
35,0.06,12289
35,0.07,12303.8
35,0.08,12290.1
35,0.09,10565.9
35,0.1,12291.2
35,0.11,12268.6
35,0.12,12239.9
35,0.13,10308.6
35,0.14,12186.3
35,0.15,12145.4
35,0.16,12114.6
35,0.17,12068.8
35,0.18,9968.37
35,0.19,11978.2
35,0.2,9824.04
35,0.21,11862.7
35,0.22,11802.4
35,0.23,11745.7
35,0.24,11680.7
35,0.25,11608.8
35,0.26,11539.8
35,0.27,11464.2
35,0.28,11379.9
35,0.29,11310
35,0.3,11242.2
35,0.31,11142.1
35,0.32,11062.8
35,0.33,10975.1
35,0.34,10881.9
35,0.35,10788.2
35,0.36,10706.9
35,0.37,10592.6
35,0.38,10504
35,0.39,10393.2
35,0.4,10306.1
35,0.41,10201.7
35,0.42,7990.88
35,0.43,9970.77
35,0.44,9875.11
35,0.45,9769.67
35,0.46,9648.24
35,0.47,9533.3
35,0.48,9400.03
35,0.49,9298.42
35,0.5,9162.53
35,0.51,9057.23
35,0.52,8926.63
35,0.53,8788.3
35,0.54,8657.93
35,0.55,8513.38
35,0.56,8412.75
35,0.57,8275.96
35,0.58,8119.06
35,0.59,7973.12
35,0.6,6057.7
35,0.61,7708.39
35,0.62,7549.5
35,0.63,7414.24
35,0.64,7256.45
35,0.65,7100.11
35,0.66,5320.13
35,0.67,6796.89
35,0.68,5078.1
35,0.69,6486.98
35,0.7,6304.64
35,0.71,6155
35,0.72,5969.18
35,0.73,5818.91
35,0.74,5637.71
35,0.75,5460.28
35,0.76,5273.75
35,0.77,5090.91
35,0.78,4918.89
35,0.79,4723.27
35,0.8,4551.68
35,0.81,4352.99
35,0.82,4151.84
35,0.83,3950.38
35,0.84,3756.35
35,0.85,3562.29
35,0.86,2512.96
35,0.87,3135.17
35,0.88,2196.13
35,0.89,2700.07
35,0.9,1853.55
35,0.91,2268.04
35,0.92,2025.27
35,0.93,1794.42
35,0.94,1565.52
35,0.95,1311.39
35,0.96,1059.73
35,0.97,585.191
35,0.98,535.877
35,0.99,200.871
36,0,11996.6
36,0.01,11977.2
36,0.02,11944.9
36,0.03,11909
36,0.04,11879.3
36,0.05,11841.3
36,0.06,11803.8
36,0.07,11758.9
36,0.08,11714.7
36,0.09,11670.6
36,0.1,11622.6
36,0.11,11568.2
36,0.12,11515.7
36,0.13,11459
36,0.14,11399.2
36,0.15,11344.4
36,0.16,11280.1
36,0.17,11234.5
36,0.18,11157.5
36,0.19,11079
36,0.2,11015.5
36,0.21,10952.9
36,0.22,10883.8
36,0.23,10796.4
36,0.24,10730.5
36,0.25,10631.2
36,0.26,10560.9
36,0.27,10493.8
36,0.28,10394.8
36,0.29,10321.5
36,0.3,10244.1
36,0.31,10148
36,0.32,10053.4
36,0.33,9989.72
36,0.34,9882.9
36,0.35,9784.82
36,0.36,9702.55
36,0.37,9604.83
36,0.38,9495.65
36,0.39,9392.99
36,0.4,9294.02
36,0.41,9201.83
36,0.42,9088.48
36,0.43,8991.4
36,0.44,8890.45
36,0.45,8779.8
36,0.46,8696.63
36,0.47,8565.85
36,0.48,8455.01
36,0.49,8340.97
36,0.5,8216.95
36,0.51,8116.82
36,0.52,7962.68
36,0.53,7874.08
36,0.54,7754.02
36,0.55,7615.82
36,0.56,7480
36,0.57,7375.71
36,0.58,7237.48
36,0.59,7114.86
36,0.6,6984.59
36,0.61,6848.04
36,0.62,6722.43
36,0.63,6571.26
36,0.64,6449.3
36,0.65,6308.28
36,0.66,6163.04
36,0.67,6017.53
36,0.68,5890.58
36,0.69,5722.1
36,0.7,5565.8
36,0.71,5437.07
36,0.72,5287.95
36,0.73,5133.57
36,0.74,4953.82
36,0.75,4836.61
36,0.76,4665.27
36,0.77,4496.47
36,0.78,4325.83
36,0.79,4141.26
36,0.8,4011.45
36,0.81,3834.41
36,0.82,3653.39
36,0.83,3496.2
36,0.84,3304.76
36,0.85,3138.12
36,0.86,2946.24
36,0.87,2765.28
36,0.88,2556.64
36,0.89,2374.73
36,0.9,2178.93
36,0.91,1988.4
36,0.92,1767.21
36,0.93,1573.49
36,0.94,1354.45
36,0.95,1154.34
36,0.96,914.374
36,0.97,693.521
36,0.98,471.729
36,0.99,240.224
37,0,12056
37,0.01,12175.6
37,0.02,12264.4
37,0.03,11056.5
37,0.04,12363
37,0.05,12392.3
37,0.06,12397.7
37,0.07,12417.7
37,0.08,12413.4
37,0.09,10706.7
37,0.1,12392.9
37,0.11,12369.2
37,0.12,12350.2
37,0.13,10445.7
37,0.14,12302.5
37,0.15,12255.8
37,0.16,12217.7
37,0.17,12168.4
37,0.18,10114.3
37,0.19,12068.6
37,0.2,9956.87
37,0.21,11948.2
37,0.22,11882.4
37,0.23,11826.3
37,0.24,11766
37,0.25,11699.1
37,0.26,11630.2
37,0.27,11544.7
37,0.28,11482.7
37,0.29,11403.1
37,0.3,11307.5
37,0.31,11223
37,0.32,11132.4
37,0.33,11058.6
37,0.34,10967.1
37,0.35,10863.5
37,0.36,10781.9
37,0.37,10690.7
37,0.38,10567.5
37,0.39,10476
37,0.4,10372.7
37,0.41,10261.2
37,0.42,8082.59
37,0.43,10056.2
37,0.44,9946.26
37,0.45,9810.82
37,0.46,9715.52
37,0.47,9590.26
37,0.48,9467.87
37,0.49,9339.3
37,0.5,9227.26
37,0.51,9113.33
37,0.52,8967.48
37,0.53,8841.53
37,0.54,8730.43
37,0.55,8585.13
37,0.56,8463.01
37,0.57,8310.07
37,0.58,8169.67
37,0.59,8028.05
37,0.6,6131.98
37,0.61,7746.55
37,0.62,7569.79
37,0.63,7431.82
37,0.64,7290.66
37,0.65,7127.62
37,0.66,5393.82
37,0.67,6840.97
37,0.68,5127.65
37,0.69,6506.04
37,0.7,6341.9
37,0.71,6166.97
37,0.72,6011.99
37,0.73,5833.49
37,0.74,5656.56
37,0.75,5478.15
37,0.76,5303.15
37,0.77,5124.53
37,0.78,4944.14
37,0.79,4746.84
37,0.8,4543.41
37,0.81,4400.04
37,0.82,4152.27
37,0.83,3970.36
37,0.84,3768.98
37,0.85,3545.12
37,0.86,2548.85
37,0.87,3167.41
37,0.88,2207.87
37,0.89,2711.15
37,0.9,1872.43
37,0.91,2255.42
37,0.92,2038.27
37,0.93,1787.42
37,0.94,1551.88
37,0.95,1309.13
37,0.96,1063.98
37,0.97,601.827
37,0.98,536.979
37,0.99,205.66
38,0,12119.5
38,0.01,12097.7
38,0.02,12069.3
38,0.03,12029.7
38,0.04,12004.2
38,0.05,11969.3
38,0.06,11916.9
38,0.07,11878.4
38,0.08,11834
38,0.09,11787.1
38,0.1,11731
38,0.11,11687.9
38,0.12,11634.9
38,0.13,11570.8
38,0.14,11519.4
38,0.15,11445.1
38,0.16,11391.1
38,0.17,11341.5
38,0.18,11261
38,0.19,11184.7
38,0.2,11131.3
38,0.21,11055.2
38,0.22,10972.4
38,0.23,10905.8
38,0.24,10830.5
38,0.25,10757.9
38,0.26,10672.7
38,0.27,10595
38,0.28,10505.3
38,0.29,10418.3
38,0.3,10328.5
38,0.31,10248.6
38,0.32,10160.7
38,0.33,10072.3
38,0.34,9970.94
38,0.35,9875.52
38,0.36,9767.08
38,0.37,9680.72
38,0.38,9591.94
38,0.39,9490.35
38,0.4,9385.29
38,0.41,9288.66
38,0.42,9167.5
38,0.43,9077.11
38,0.44,8966.64
38,0.45,8852.8
38,0.46,8743.99
38,0.47,8636.63
38,0.48,8522.51
38,0.49,8415.87
38,0.5,8282.78
38,0.51,8185.17
38,0.52,8042.43
38,0.53,7928.41
38,0.54,7820.15
38,0.55,7686.14
38,0.56,7586.97
38,0.57,7443.85
38,0.58,7300.44
38,0.59,7162.33
38,0.6,7046.21
38,0.61,6917.27
38,0.62,6770.18
38,0.63,6645.56
38,0.64,6493.33
38,0.65,6337.04
38,0.66,6207.86
38,0.67,6070.18
38,0.68,5940.7
38,0.69,5779.14
38,0.7,5610.97
38,0.71,5486.65
38,0.72,5308.44
38,0.73,5159.8
38,0.74,5022.26
38,0.75,4844.55
38,0.76,4709.03
38,0.77,4535.51
38,0.78,4375.93
38,0.79,4211.27
38,0.8,4028.33
38,0.81,3867.45
38,0.82,3675.07
38,0.83,3504.81
38,0.84,3319.72
38,0.85,3131.7
38,0.86,2947.08
38,0.87,2782.37
38,0.88,2570.87
38,0.89,2373.9
38,0.9,2185.91
38,0.91,1980.3
38,0.92,1779.5
38,0.93,1553.94
38,0.94,1359.58
38,0.95,1141.17
38,0.96,929.399
38,0.97,693.514
38,0.98,473.248
38,0.99,244.741
39,0,12184.3
39,0.01,12297.3
39,0.02,12379.1
39,0.03,11194.3
39,0.04,12477.5
39,0.05,12508.6
39,0.06,12519.1
39,0.07,12514.3
39,0.08,12515.5
39,0.09,10841
39,0.1,12491.9
39,0.11,12484.8
39,0.12,12455.9
39,0.13,10585.8
39,0.14,12389.2
39,0.15,12355.7
39,0.16,12310.7
39,0.17,12256.8
39,0.18,10234.9
39,0.19,12153.4
39,0.2,10109.7
39,0.21,12042.3
39,0.22,11981
39,0.23,11912.3
39,0.24,11855.3
39,0.25,11784.1
39,0.26,11720.4
39,0.27,11646.9
39,0.28,11570.2
39,0.29,11468.1
39,0.3,11397.2
39,0.31,11305.9
39,0.32,11212.6
39,0.33,11130.2
39,0.34,11032.9
39,0.35,10943.2
39,0.36,10851.4
39,0.37,10749.9
39,0.38,10649.4
39,0.39,10537.5
39,0.4,10432.6
39,0.41,10326.5
39,0.42,8186.57
39,0.43,10120.9
39,0.44,9993.41
39,0.45,9883.38
39,0.46,9770.95
39,0.47,9653.17
39,0.48,9537.96
39,0.49,9411.08
39,0.5,9274.79
39,0.51,9141.32
39,0.52,9005.86
39,0.53,8902.89
39,0.54,8757.29
39,0.55,8633.38
39,0.56,8478.8
39,0.57,8376.48
39,0.58,8215.67
39,0.59,8063.24
39,0.6,6197.52
39,0.61,7797.77
39,0.62,7631.56
39,0.63,7479.09
39,0.64,7297.08
39,0.65,7147.31
39,0.66,5446.32
39,0.67,6845.13
39,0.68,5202.91
39,0.69,6528.42
39,0.7,6368.96
39,0.71,6176.2
39,0.72,6053.05
39,0.73,5866.45
39,0.74,5691.6
39,0.75,5494.99
39,0.76,5333.13
39,0.77,5136.12
39,0.78,4952.4
39,0.79,4756.24
39,0.8,4563.54
39,0.81,4367.5
39,0.82,4169.46
39,0.83,3982.01
39,0.84,3783.73
39,0.85,3567.38
39,0.86,2571.63
39,0.87,3137.26
39,0.88,2237.1
39,0.89,2712.99
39,0.9,1884.93
39,0.91,2258.39
39,0.92,2032.49
39,0.93,1805.5
39,0.94,1551.56
39,0.95,1287.36
39,0.96,1059.48
39,0.97,606.529
39,0.98,541.042
39,0.99,211.727
40,0,12235.3
40,0.01,12215.8
40,0.02,12176.8
40,0.03,12152.3
40,0.04,12112.2
40,0.05,12075.7
40,0.06,12037.2
40,0.07,11991.1
40,0.08,11953.4
40,0.09,11895.5
40,0.1,11839.9
40,0.11,11809.2
40,0.12,11743.8
40,0.13,11678.8
40,0.14,11622.3
40,0.15,11568.2
40,0.16,11506.8
40,0.17,11439.5
40,0.18,11371
40,0.19,11299.2
40,0.2,11236
40,0.21,11158
40,0.22,11079.8
40,0.23,11000.9
40,0.24,10925
40,0.25,10843
40,0.26,10781.4
40,0.27,10683.6
40,0.28,10599.5
40,0.29,10505.9
40,0.3,10429.5
40,0.31,10342.2
40,0.32,10253.7
40,0.33,10162.6
40,0.34,10060.8
40,0.35,9956.25
40,0.36,9876.17
40,0.37,9773.3
40,0.38,9659.34
40,0.39,9568.93
40,0.4,9473.36
40,0.41,9374.97
40,0.42,9274.97
40,0.43,9145.43
40,0.44,9045.68
40,0.45,8948.58
40,0.46,8814.88
40,0.47,8715.54
40,0.48,8580.44
40,0.49,8465.45
40,0.5,8373.61
40,0.51,8242.67
40,0.52,8109.34
40,0.53,8013.26
40,0.54,7875.35
40,0.55,7736.79
40,0.56,7610.84
40,0.57,7497.56
40,0.58,7356.22
40,0.59,7243.72
40,0.6,7097.51
40,0.61,7005.94
40,0.62,6814.06
40,0.63,6676.59
40,0.64,6532.88
40,0.65,6406.56
40,0.66,6264.35
40,0.67,6119.5
40,0.68,5978.42
40,0.69,5809.69
40,0.7,5671.8
40,0.71,5506.48
40,0.72,5373.86
40,0.73,5217.82
40,0.74,5043.3
40,0.75,4863.66
40,0.76,4719.11
40,0.77,4578.08
40,0.78,4398.89
40,0.79,4239.03
40,0.8,4050.21
40,0.81,3887.04
40,0.82,3707.66
40,0.83,3525.33
40,0.84,3339.8
40,0.85,3156.32
40,0.86,2993.75
40,0.87,2777.32
40,0.88,2571.83
40,0.89,2399.19
40,0.9,2187.88
40,0.91,2004.66
40,0.92,1793.83
40,0.93,1573.86
40,0.94,1376.6
40,0.95,1152.57
40,0.96,936.367
40,0.97,707.636
40,0.98,468.454
40,0.99,241.09
41,0,12287.6
41,0.01,12416
41,0.02,12475.1
41,0.03,11323.1
41,0.04,12581.9
41,0.05,12608.7
41,0.06,12625.6
41,0.07,12622.7
41,0.08,12623.1
41,0.09,10964.1
41,0.1,12598.5
41,0.11,12569.6
41,0.12,12546.4
41,0.13,10715
41,0.14,12491.6
41,0.15,12445.7
41,0.16,12404.4
41,0.17,12357.9
41,0.18,10359.3
41,0.19,12243.8
41,0.2,10208.8
41,0.21,12143.3
41,0.22,12060.8
41,0.23,12005.6
41,0.24,11940.4
41,0.25,11863.3
41,0.26,11785.4
41,0.27,11702.5
41,0.28,11644.3
41,0.29,11554.9
41,0.3,11473.8
41,0.31,11393.5
41,0.32,11287.3
41,0.33,11199.7
41,0.34,11110.6
41,0.35,11023.2
41,0.36,10929.3
41,0.37,10826.6
41,0.38,10719.7
41,0.39,10612.8
41,0.4,10494.8
41,0.41,10399.1
41,0.42,8255.57
41,0.43,10169
41,0.44,10057.8
41,0.45,9941.74
41,0.46,9820.5
41,0.47,9709.76
41,0.48,9579.69
41,0.49,9459.49
41,0.5,9317.37
41,0.51,9194.64
41,0.52,9078.68
41,0.53,8937.91
41,0.54,8807.3
41,0.55,8681.47
41,0.56,8536.35
41,0.57,8402.37
41,0.58,8263.45
41,0.59,8140.53
41,0.6,6275.46
41,0.61,7825.01
41,0.62,7658.55
41,0.63,7508.95
41,0.64,7365.48
41,0.65,7179.16
41,0.66,5521.52
41,0.67,6894.57
41,0.68,5268.6
41,0.69,6540.12
41,0.7,6394.5
41,0.71,6225.99
41,0.72,6054.87
41,0.73,5871.8
41,0.74,5708.81
41,0.75,5525.34
41,0.76,5328.67
41,0.77,5140.97
41,0.78,4967.49
41,0.79,4783.62
41,0.8,4582.4
41,0.81,4388.06
41,0.82,4197.03
41,0.83,3989.34
41,0.84,3801.7
41,0.85,3585.33
41,0.86,2609.56
41,0.87,3149.29
41,0.88,2269.57
41,0.89,2712
41,0.9,1904.97
41,0.91,2266.79
41,0.92,2048.53
41,0.93,1807.02
41,0.94,1558.63
41,0.95,1316.35
41,0.96,1057.45
41,0.97,608.677
41,0.98,536.8
41,0.99,203.493
42,0,12345.2
42,0.01,12318.3
42,0.02,12290.5
42,0.03,12262
42,0.04,12218.7
42,0.05,12172.2
42,0.06,12140.9
42,0.07,12094.2
42,0.08,12056.4
42,0.09,12008.7
42,0.1,11953
42,0.11,11903.2
42,0.12,11840.1
42,0.13,11784.9
42,0.14,11719
42,0.15,11665.1
42,0.16,11595.1
42,0.17,11548.4
42,0.18,11463
42,0.19,11384.5
42,0.2,11326.8
42,0.21,11250
42,0.22,11169.9
42,0.23,11103.6
42,0.24,11013.3
42,0.25,10938.8
42,0.26,10863.2
42,0.27,10782.7
42,0.28,10697.2
42,0.29,10601.5
42,0.3,10518.8
42,0.31,10423.4
42,0.32,10332.2
42,0.33,10247.8
42,0.34,10146.7
42,0.35,10056.9
42,0.36,9947.69
42,0.37,9856.5
42,0.38,9759.15
42,0.39,9649
42,0.4,9548.69
42,0.41,9424.55
42,0.42,9332.87
42,0.43,9231.29
42,0.44,9132.35
42,0.45,8995.97
42,0.46,8895.73
42,0.47,8780.21
42,0.48,8650.51
42,0.49,8553.67
42,0.5,8429.79
42,0.51,8326.01
42,0.52,8183.46
42,0.53,8055.8
42,0.54,7924.31
42,0.55,7788.48
42,0.56,7679.84
42,0.57,7548.59
42,0.58,7434.39
42,0.59,7298.57
42,0.6,7136.34
42,0.61,7006.61
42,0.62,6886.43
42,0.63,6736.63
42,0.64,6600.83
42,0.65,6461.56
42,0.66,6305.12
42,0.67,6156.84
42,0.68,6014.35
42,0.69,5856.87
42,0.7,5720.66
42,0.71,5552.45
42,0.72,5405.37
42,0.73,5231.12
42,0.74,5085.09
42,0.75,4916.79
42,0.76,4764.52
42,0.77,4597.8
42,0.78,4422.39
42,0.79,4266.79
42,0.8,4091.86
42,0.81,3889.46
42,0.82,3734.35
42,0.83,3550.5
42,0.84,3356.24
42,0.85,3164.44
42,0.86,2976.54
42,0.87,2814.45
42,0.88,2600.72
42,0.89,2406.27
42,0.9,2200.83
42,0.91,2011.21
42,0.92,1800.6
42,0.93,1591.43
42,0.94,1379.83
42,0.95,1161.06
42,0.96,943.118
42,0.97,706.3
42,0.98,467.649
42,0.99,233.618
43,0,12397.9
43,0.01,12517
43,0.02,12602.1
43,0.03,11440.1
43,0.04,12685.4
43,0.05,12704.3
43,0.06,12719.3
43,0.07,12721.3
43,0.08,12723.5
43,0.09,11089.6
43,0.1,12696
43,0.11,12675.5
43,0.12,12639.1
43,0.13,10846.2
43,0.14,12562.5
43,0.15,12539.3
43,0.16,12488.6
43,0.17,12439.7
43,0.18,10486.3
43,0.19,12332.3
43,0.2,10329.9
43,0.21,12213.3
43,0.22,12148
43,0.23,12075.7
43,0.24,12007
43,0.25,11947.9
43,0.26,11873.9
43,0.27,11787
43,0.28,11713.3
43,0.29,11624.4
43,0.3,11543.8
43,0.31,11450.4
43,0.32,11366.5
43,0.33,11257.4
43,0.34,11183.5
43,0.35,11083
43,0.36,10987.1
43,0.37,10882.1
43,0.38,10774.3
43,0.39,10659.7
43,0.4,10581.5
43,0.41,10446.8
43,0.42,8370.88
43,0.43,10230
43,0.44,10105.8
43,0.45,10004
43,0.46,9859.55
43,0.47,9761
43,0.48,9635.66
43,0.49,9509.06
43,0.5,9401.36
43,0.51,9248.96
43,0.52,9120.64
43,0.53,8980.27
43,0.54,8841.67
43,0.55,8720.52
43,0.56,8582.95
43,0.57,8457.34
43,0.58,8285.54
43,0.59,8156.51
43,0.6,6356.37
43,0.61,7859.41
43,0.62,7716.38
43,0.63,7539.31
43,0.64,7392.64
43,0.65,7224.31
43,0.66,5558.32
43,0.67,6913.93
43,0.68,5295.48
43,0.69,6578.53
43,0.7,6400.05
43,0.71,6252.65
43,0.72,6068.42
43,0.73,5890.1
43,0.74,5721.75
43,0.75,5537.73
43,0.76,5350.36
43,0.77,5191.91
43,0.78,4981.85
43,0.79,4801.07
43,0.8,4604.93
43,0.81,4425.01
43,0.82,4210.66
43,0.83,3986.75
43,0.84,3788.54
43,0.85,3603.37
43,0.86,2613.05
43,0.87,3172.17
43,0.88,2284.16
43,0.89,2732.74
43,0.9,1939.7
43,0.91,2279.45
43,0.92,2042.84
43,0.93,1806.75
43,0.94,1556.55
43,0.95,1310.37
43,0.96,1052.29
43,0.97,616.567
43,0.98,542.813
43,0.99,209.581
44,0,12450.5
44,0.01,12413.7
44,0.02,12383.7
44,0.03,12363.9
44,0.04,12319.3
44,0.05,12291.3
44,0.06,12241.5
44,0.07,12197
44,0.08,12161.6
44,0.09,12100.2
44,0.1,12055.2
44,0.11,12005.8
44,0.12,11940.5
44,0.13,11879.4
44,0.14,11821.4
44,0.15,11766.7
44,0.16,11689.3
44,0.17,11626.8
44,0.18,11563.2
44,0.19,11498.4
44,0.2,11406.2
44,0.21,11353.9
44,0.22,11275
44,0.23,11186.1
44,0.24,11110.5
44,0.25,11031.2
44,0.26,10952.5
44,0.27,10866.1
44,0.28,10800.1
44,0.29,10695.4
44,0.3,10607.9
44,0.31,10515
44,0.32,10420.9
44,0.33,10314.1
44,0.34,10235
44,0.35,10129.2
44,0.36,10020.8
44,0.37,9920.59
44,0.38,9826.11
44,0.39,9746.05
44,0.4,9622.85
44,0.41,9516.48
44,0.42,9395.8
44,0.43,9306.36
44,0.44,9195.33
44,0.45,9060.94
44,0.46,8969.48
44,0.47,8861.06
44,0.48,8722.86
44,0.49,8606.67
44,0.5,8486.43
44,0.51,8378.07
44,0.52,8241.83
44,0.53,8138.33
44,0.54,7989.38
44,0.55,7866.53
44,0.56,7717.71
44,0.57,7611.12
44,0.58,7460.68
44,0.59,7315.47
44,0.6,7199.37
44,0.61,7059.18
44,0.62,6915.38
44,0.63,6778.77
44,0.64,6651.15
44,0.65,6480.67
44,0.66,6339.64
44,0.67,6196.34
44,0.68,6037.23
44,0.69,5891.55
44,0.7,5737.48
44,0.71,5576.42
44,0.72,5429.42
44,0.73,5284.62
44,0.74,5107.87
44,0.75,4955.85
44,0.76,4794.95
44,0.77,4613.46
44,0.78,4449.09
44,0.79,4279.55
44,0.8,4092.85
44,0.81,3919.33
44,0.82,3746.88
44,0.83,3550.88
44,0.84,3401.2
44,0.85,3185.94
44,0.86,2996.75
44,0.87,2809.29
44,0.88,2624.25
44,0.89,2415.98
44,0.9,2210.2
44,0.91,2006.41
44,0.92,1815.92
44,0.93,1585.39
44,0.94,1389.49
44,0.95,1156.55
44,0.96,940.854
44,0.97,696.617
44,0.98,478.884
44,0.99,244.084
45,0,12497.8
45,0.01,12620.2
45,0.02,12701.7
45,0.03,11560.7
45,0.04,12775.3
45,0.05,12800.6
45,0.06,12809.8
45,0.07,12826.6
45,0.08,12806.9
45,0.09,11217.6
45,0.1,12785.1
45,0.11,12757.2
45,0.12,12724.1
45,0.13,10950.8
45,0.14,12667.8
45,0.15,12622.8
45,0.16,12574.1
45,0.17,12534.6
45,0.18,10597.1
45,0.19,12412.6
45,0.2,10413.7
45,0.21,12301.7
45,0.22,12223.7
45,0.23,12158
45,0.24,12104.2
45,0.25,12013.2
45,0.26,11927.3
45,0.27,11859.1
45,0.28,11779.4
45,0.29,11688.6
45,0.3,11618.5
45,0.31,11522.9
45,0.32,11428.5
45,0.33,11343.2
45,0.34,11236.1
45,0.35,11135.5
45,0.36,11047.7
45,0.37,10932.8
45,0.38,10830.2
45,0.39,10719.6
45,0.4,10620.4
45,0.41,10503.8
45,0.42,8461.85
45,0.43,10275.9
45,0.44,10164.2
45,0.45,10056.2
45,0.46,9921.37
45,0.47,9808.23
45,0.48,9694.28
45,0.49,9550.48
45,0.5,9441.06
45,0.51,9293.73
45,0.52,9157.41
45,0.53,9011.85
45,0.54,8908.06
45,0.55,8767.04
45,0.56,8631.42
45,0.57,8460.55
45,0.58,8327.06
45,0.59,8188.42
45,0.6,6398.07
45,0.61,7878.05
45,0.62,7717.58
45,0.63,7591.66
45,0.64,7429.59
45,0.65,7267.24
45,0.66,5628.93
45,0.67,6932.2
45,0.68,5372.08
45,0.69,6610.62
45,0.7,6437.69
45,0.71,6268.25
45,0.72,6100.82
45,0.73,5903.77
45,0.74,5747.27
45,0.75,5564.66
45,0.76,5357.19
45,0.77,5196.65
45,0.78,5018.79
45,0.79,4830.11
45,0.8,4604.24
45,0.81,4425.56
45,0.82,4222.98
45,0.83,4038.67
45,0.84,3818.4
45,0.85,3612.05
45,0.86,2641.19
45,0.87,3180.72
45,0.88,2288.15
45,0.89,2749.13
45,0.9,1949.92
45,0.91,2282.61
45,0.92,2041.99
45,0.93,1808.46
45,0.94,1557.19
45,0.95,1312.58
45,0.96,1059.86
45,0.97,613.668
45,0.98,551.628
45,0.99,209.513
46,0,12541.7
46,0.01,12522.8
46,0.02,12488.3
46,0.03,12454.5
46,0.04,12424
46,0.05,12375.9
46,0.06,12348.8
46,0.07,12294.2
46,0.08,12247.7
46,0.09,12194.8
46,0.1,12150.3
46,0.11,12105.8
46,0.12,12038.3
46,0.13,11968.9
46,0.14,11916.9
46,0.15,11861.3
46,0.16,11785.5
46,0.17,11728.1
46,0.18,11643
46,0.19,11581.6
46,0.2,11503.5
46,0.21,11434.8
46,0.22,11359.6
46,0.23,11286.8
46,0.24,11202.6
46,0.25,11110.3
46,0.26,11037.9
46,0.27,10939.3
46,0.28,10853.7
46,0.29,10786
46,0.3,10698.2
46,0.31,10603.3
46,0.32,10500.3
46,0.33,10396
46,0.34,10304.8
46,0.35,10208.6
46,0.36,10089.6
46,0.37,9993.98
46,0.38,9901.37
46,0.39,9815.09
46,0.4,9698.42
46,0.41,9573.55
46,0.42,9483.5
46,0.43,9363.63
46,0.44,9248.42
46,0.45,9140.65
46,0.46,9027.85
46,0.47,8920.04
46,0.48,8768.76
46,0.49,8676.17
46,0.5,8566.66
46,0.51,8406.54
46,0.52,8306.49
46,0.53,8175.9
46,0.54,8031.3
46,0.55,7910.68
46,0.56,7786.05
46,0.57,7674.9
46,0.58,7489.77
46,0.59,7388.26
46,0.6,7248.45
46,0.61,7110.66
46,0.62,6985.09
46,0.63,6815.6
46,0.64,6686.37
46,0.65,6547.97
46,0.66,6404.04
46,0.67,6223.9
46,0.68,6088.71
46,0.69,5923.74
46,0.7,5777.13
46,0.71,5632.18
46,0.72,5453.92
46,0.73,5293.7
46,0.74,5136.59
46,0.75,4974.95
46,0.76,4814.39
46,0.77,4634.62
46,0.78,4441.52
46,0.79,4295.36
46,0.8,4131.94
46,0.81,3941.83
46,0.82,3788.48
46,0.83,3584.17
46,0.84,3377.82
46,0.85,3227.98
46,0.86,3017.88
46,0.87,2836.12
46,0.88,2628.35
46,0.89,2422.73
46,0.9,2225.44
46,0.91,2026.93
46,0.92,1827.24
46,0.93,1608.01
46,0.94,1400.44
46,0.95,1165.61
46,0.96,955.747
46,0.97,709.181
46,0.98,491.085
46,0.99,245.409
47,0,12587.2
47,0.01,12711.2
47,0.02,12790.9
47,0.03,11681.7
47,0.04,12877.1
47,0.05,12897.1
47,0.06,12901.8
47,0.07,12904.3
47,0.08,12907.1
47,0.09,11323.7
47,0.1,12868
47,0.11,12852.7
47,0.12,12818.7
47,0.13,11063.4
47,0.14,12746.1
47,0.15,12697.8
47,0.16,12652.7
47,0.17,12599.1
47,0.18,10690.3
47,0.19,12491.4
47,0.2,10532.8
47,0.21,12362.7
47,0.22,12297.7
47,0.23,12246.5
47,0.24,12154.1
47,0.25,12082.9
47,0.26,12006.9
47,0.27,11923.4
47,0.28,11833.9
47,0.29,11766.3
47,0.3,11681.8
47,0.31,11571.2
47,0.32,11482.2
47,0.33,11389.8
47,0.34,11297.3
47,0.35,11200.1
47,0.36,11096.2
47,0.37,10979.1
47,0.38,10887.1
47,0.39,10770.2
47,0.4,10670.1
47,0.41,10562.5
47,0.42,8539.64
47,0.43,10350.3
47,0.44,10204.5
47,0.45,10090.5
47,0.46,9990.92
47,0.47,9823.1
47,0.48,9725.51
47,0.49,9617.28
47,0.5,9481.46
47,0.51,9339.58
47,0.52,9220.57
47,0.53,9054.84
47,0.54,8906.78
47,0.55,8771.62
47,0.56,8648.19
47,0.57,8507.68
47,0.58,8376.62
47,0.59,8211.3
47,0.6,6474.67
47,0.61,7908.64
47,0.62,7747.13
47,0.63,7588.46
47,0.64,7452.42
47,0.65,7316.94
47,0.66,5690.3
47,0.67,6961.02
47,0.68,5408.4
47,0.69,6635.56
47,0.7,6471.7
47,0.71,6315.42
47,0.72,6120.2
47,0.73,5949.84
47,0.74,5746.65
47,0.75,5589.05
47,0.76,5382.13
47,0.77,5192.98
47,0.78,5017.8
47,0.79,4828.75
47,0.8,4635.82
47,0.81,4445.22
47,0.82,4203.57
47,0.83,4023.91
47,0.84,3825.44
47,0.85,3611.3
47,0.86,2661.53
47,0.87,3180.81
47,0.88,2310.28
47,0.89,2743.54
47,0.9,1964.44
47,0.91,2273.11
47,0.92,2053.15
47,0.93,1816.79
47,0.94,1570.79
47,0.95,1316.03
47,0.96,1049.59
47,0.97,622.344
47,0.98,551.869
47,0.99,207.244
48,0,12641.3
48,0.01,12615.9
48,0.02,12588.2
48,0.03,12544.9
48,0.04,12513.9
48,0.05,12476.8
48,0.06,12434
48,0.07,12391.9
48,0.08,12337.7
48,0.09,12292.5
48,0.1,12235.5
48,0.11,12180.9
48,0.12,12125.8
48,0.13,12063.8
48,0.14,12018.3
48,0.15,11945.8
48,0.16,11876
48,0.17,11812
48,0.18,11734.7
48,0.19,11663.4
48,0.2,11589.2
48,0.21,11524.9
48,0.22,11449.5
48,0.23,11363.9
48,0.24,11274.1
48,0.25,11200.9
48,0.26,11118
48,0.27,11033.3
48,0.28,10935.6
48,0.29,10849.5
48,0.3,10756.1
48,0.31,10666
48,0.32,10565.4
48,0.33,10482.8
48,0.34,10374.3
48,0.35,10268.3
48,0.36,10169.2
48,0.37,10071.5
48,0.38,9962.8
48,0.39,9858.91
48,0.4,9756.73
48,0.41,9646.53
48,0.42,9539.99
48,0.43,9402.5
48,0.44,9334.95
48,0.45,9211.79
48,0.46,9091.48
48,0.47,8966.02
48,0.48,8842.64
48,0.49,8715.61
48,0.5,8607.87
48,0.51,8490.35
48,0.52,8359.48
48,0.53,8239.71
48,0.54,8102.88
48,0.55,7968.2
48,0.56,7817.36
48,0.57,7703.16
48,0.58,7580.39
48,0.59,7440.5
48,0.6,7284.04
48,0.61,7158.4
48,0.62,7006.57
48,0.63,6856.78
48,0.64,6740.51
48,0.65,6599.71
48,0.66,6443.78
48,0.67,6272.34
48,0.68,6130.86
48,0.69,5988.82
48,0.7,5801.47
48,0.71,5647.18
48,0.72,5483.35
48,0.73,5339.77
48,0.74,5172.83
48,0.75,5012.4
48,0.76,4834.88
48,0.77,4663.75
48,0.78,4510.96
48,0.79,4348.36
48,0.8,4145.6
48,0.81,3979.79
48,0.82,3796.4
48,0.83,3581.95
48,0.84,3410.35
48,0.85,3232.76
48,0.86,3041.42
48,0.87,2844.8
48,0.88,2633.62
48,0.89,2420.68
48,0.9,2246.21
48,0.91,2031.03
48,0.92,1801.69
48,0.93,1605.96
48,0.94,1386.09
48,0.95,1160.76
48,0.96,940.231
48,0.97,715.975
48,0.98,475.543
48,0.99,239.786
49,0,12690.2
49,0.01,12793.9
49,0.02,12876.7
49,0.03,11780.7
49,0.04,12965.2
49,0.05,12976
49,0.06,12989.1
49,0.07,12987.1
49,0.08,12985.2
49,0.09,11410.4
49,0.1,12950.4
49,0.11,12919.1
49,0.12,12894.2
49,0.13,11148.9
49,0.14,12820.3
49,0.15,12774.4
49,0.16,12716.1
49,0.17,12679
49,0.18,10803.5
49,0.19,12561.3
49,0.2,10630.3
49,0.21,12437.2
49,0.22,12368.9
49,0.23,12295.3
49,0.24,12225.6
49,0.25,12152
49,0.26,12084.3
49,0.27,11987.2
49,0.28,11916.7
49,0.29,11824.9
49,0.3,11736.9
49,0.31,11633.9
49,0.32,11553.6
49,0.33,11448.9
49,0.34,11353.4
49,0.35,11257.9
49,0.36,11149.2
49,0.37,11040.3
49,0.38,10939.2
49,0.39,10830.7
49,0.4,10712.1
49,0.41,10629.8
49,0.42,8627.43
49,0.43,10369.7
49,0.44,10270.1
49,0.45,10142.2
49,0.46,10017
49,0.47,9891.37
49,0.48,9778.01
49,0.49,9640.05
49,0.5,9510.66
49,0.51,9375.89
49,0.52,9229.64
49,0.53,9098.17
49,0.54,8986.67
49,0.55,8832.38
49,0.56,8706.12
49,0.57,8542.47
49,0.58,8400.94
49,0.59,8255.51
49,0.6,6520.93
49,0.61,7973.78
49,0.62,7782.51
49,0.63,7618.55
49,0.64,7488.52
49,0.65,7321.21
49,0.66,5724.15
49,0.67,6995.82
49,0.68,5445.6
49,0.69,6655.82
49,0.7,6512.63
49,0.71,6322.06
49,0.72,6165.18
49,0.73,5959.06
49,0.74,5772.24
49,0.75,5601.08
49,0.76,5387.94
49,0.77,5218.73
49,0.78,5045.53
49,0.79,4838.94
49,0.8,4639.23
49,0.81,4454.29
49,0.82,4256.12
49,0.83,4050.78
49,0.84,3808.11
49,0.85,3617.71
49,0.86,2669.4
49,0.87,3191.85
49,0.88,2343.5
49,0.89,2752.72
49,0.9,1987.49
49,0.91,2285.87
49,0.92,2064
49,0.93,1806.96
49,0.94,1568.99
49,0.95,1322.2
49,0.96,1052.22
49,0.97,631.929
49,0.98,541.026
49,0.99,216.25
50,0,12729.8
50,0.01,12709.7
50,0.02,12673.2
50,0.03,12645.9
50,0.04,12607
50,0.05,12558.9
50,0.06,12522.4
50,0.07,12466.3
50,0.08,12431.8
50,0.09,12380.8
50,0.1,12324.5
50,0.11,12267.1
50,0.12,12201.6
50,0.13,12144.2
50,0.14,12092.6
50,0.15,12029.6
50,0.16,11968.1
50,0.17,11894.8
50,0.18,11825.1
50,0.19,11748.8
50,0.2,11677.2
50,0.21,11592.4
50,0.22,11523.5
50,0.23,11433.2
50,0.24,11359
50,0.25,11275.4
50,0.26,11192.3
50,0.27,11095
50,0.28,11002.3
50,0.29,10918.4
50,0.3,10814.8
50,0.31,10745.2
50,0.32,10652.9
50,0.33,10534.5
50,0.34,10439.9
50,0.35,10350.5
50,0.36,10243.7
50,0.37,10138.4
50,0.38,10039.4
50,0.39,9924.47
50,0.4,9819.36
50,0.41,9708.27
50,0.42,9609.7
50,0.43,9488.5
50,0.44,9393.27
50,0.45,9257.38
50,0.46,9144.85
50,0.47,9008.07
50,0.48,8908.85
50,0.49,8781.53
50,0.5,8652.02
50,0.51,8532.17
50,0.52,8407.83
50,0.53,8297.28
50,0.54,8150.51
50,0.55,8007.52
50,0.56,7874
50,0.57,7755.45
50,0.58,7607.01
50,0.59,7464.58
50,0.6,7325.07
50,0.61,7190.43
50,0.62,7072.83
50,0.63,6907.9
50,0.64,6733.41
50,0.65,6609.26
50,0.66,6479.34
50,0.67,6313.7
50,0.68,6147.06
50,0.69,5980.04
50,0.7,5846.24
50,0.71,5684.94
50,0.72,5528.66
50,0.73,5359.88
50,0.74,5182.02
50,0.75,5041.31
50,0.76,4872.28
50,0.77,4705.03
50,0.78,4502.87
50,0.79,4352.99
50,0.8,4164.92
50,0.81,3994.05
50,0.82,3799.82
50,0.83,3633.02
50,0.84,3445.68
50,0.85,3220.73
50,0.86,3056.99
50,0.87,2846.79
50,0.88,2661.74
50,0.89,2447.69
50,0.9,2240.33
50,0.91,2040.84
50,0.92,1824.18
50,0.93,1593.67
50,0.94,1400.37
50,0.95,1161.53
50,0.96,952.91
50,0.97,722.104
50,0.98,477.948
50,0.99,244.031
51,0,12784.5
51,0.01,12892.7
51,0.02,12964.2
51,0.03,11874.9
51,0.04,13045.2
51,0.05,13065.9
51,0.06,13080.6
51,0.07,13069.4
51,0.08,13077.2
51,0.09,11526.9
51,0.1,13037.4
51,0.11,12998.9
51,0.12,12969.4
51,0.13,11259.2
51,0.14,12890.8
51,0.15,12841.2
51,0.16,12798.1
51,0.17,12746.4
51,0.18,10883.9
51,0.19,12631.9
51,0.2,10722.3
51,0.21,12506.8
51,0.22,12435
51,0.23,12361.7
51,0.24,12291.1
51,0.25,12220.4
51,0.26,12135.6
51,0.27,12052.7
51,0.28,11956.2
51,0.29,11885
51,0.3,11783.5
51,0.31,11712.4
51,0.32,11614
51,0.33,11524
51,0.34,11412.8
51,0.35,11302.5
51,0.36,11208.1
51,0.37,11098.2
51,0.38,10995.7
51,0.39,10873.6
51,0.4,10764
51,0.41,10654.1
51,0.42,8690.41
51,0.43,10435.5
51,0.44,10315.8
51,0.45,10181
51,0.46,10047.3
51,0.47,9936.17
51,0.48,9800.77
51,0.49,9685.64
51,0.5,9564.56
51,0.51,9412.23
51,0.52,9282.54
51,0.53,9138.3
51,0.54,8997.31
51,0.55,8853.26
51,0.56,8714.17
51,0.57,8588.23
51,0.58,8444
51,0.59,8265.37
51,0.6,6572.6
51,0.61,7973.5
51,0.62,7827.95
51,0.63,7656.17
51,0.64,7521.14
51,0.65,7349.12
51,0.66,5807.5
51,0.67,7023.67
51,0.68,5505.27
51,0.69,6677.98
51,0.7,6500.01
51,0.71,6333.31
51,0.72,6133.6
51,0.73,5979.75
51,0.74,5792.28
51,0.75,5605.23
51,0.76,5427.78
51,0.77,5264.18
51,0.78,5044.65
51,0.79,4846.34
51,0.8,4659.16
51,0.81,4443.75
51,0.82,4236.13
51,0.83,4042.72
51,0.84,3835.93
51,0.85,3633.23
51,0.86,2697.6
51,0.87,3200.07
51,0.88,2342.07
51,0.89,2753.52
51,0.9,1992.74
51,0.91,2279.42
51,0.92,2062.09
51,0.93,1807.98
51,0.94,1569.29
51,0.95,1318.56
51,0.96,1051.8
51,0.97,629.806
51,0.98,547.901
51,0.99,214.422
52,0,12818.6
52,0.01,12787.1
52,0.02,12760.4
52,0.03,12730
52,0.04,12688.1
52,0.05,12654.2
52,0.06,12604.8
52,0.07,12554.5
52,0.08,12508.6
52,0.09,12464.8
52,0.1,12408.9
52,0.11,12354.3
52,0.12,12303
52,0.13,12237.6
52,0.14,12170.4
52,0.15,12104.6
52,0.16,12040.4
52,0.17,11969.4
52,0.18,11904
52,0.19,11832
52,0.2,11750.1
52,0.21,11675.1
52,0.22,11589.4
52,0.23,11523.5
52,0.24,11433.9
52,0.25,11347.3
52,0.26,11262.7
52,0.27,11167.7
52,0.28,11073.1
52,0.29,11003.5
52,0.3,10896.9
52,0.31,10796.1
52,0.32,10699.8
52,0.33,10625.2
52,0.34,10520.2
52,0.35,10401.2
52,0.36,10299.5
52,0.37,10211.8
52,0.38,10111.6
52,0.39,9998.36
52,0.4,9881.97
52,0.41,9759.87
52,0.42,9665.08
52,0.43,9547.37
52,0.44,9445.02
52,0.45,9314.74
52,0.46,9214.85
52,0.47,9080.63
52,0.48,8957.71
52,0.49,8820.6
52,0.5,8704.72
52,0.51,8555.98
52,0.52,8459.61
52,0.53,8324.77
52,0.54,8183.53
52,0.55,8063.84
52,0.56,7918.19
52,0.57,7801.89
52,0.58,7646.9
52,0.59,7531.41
52,0.6,7374.31
52,0.61,7244.34
52,0.62,7081.2
52,0.63,6957.16
52,0.64,6793.35
52,0.65,6648.38
52,0.66,6505.12
52,0.67,6334.44
52,0.68,6180.69
52,0.69,6029.21
52,0.7,5883.51
52,0.71,5717.89
52,0.72,5574.63
52,0.73,5366.79
52,0.74,5216.43
52,0.75,5052.13
52,0.76,4882.63
52,0.77,4706.63
52,0.78,4538.4
52,0.79,4372.88
52,0.8,4161.88
52,0.81,4010.12
52,0.82,3835.19
52,0.83,3623.76
52,0.84,3436.1
52,0.85,3272.75
52,0.86,3060.28
52,0.87,2874.23
52,0.88,2668.45
52,0.89,2451.5
52,0.9,2255.37
52,0.91,2043.83
52,0.92,1841.29
52,0.93,1625.89
52,0.94,1399.34
52,0.95,1173.28
52,0.96,947.794
52,0.97,713.618
52,0.98,481.371
52,0.99,243.717
53,0,12856.6
53,0.01,12978.8
53,0.02,13049.8
53,0.03,11982.3
53,0.04,13121.9
53,0.05,13138.8
53,0.06,13151.4
53,0.07,13154.9
53,0.08,13135.6
53,0.09,11628.6
53,0.1,13098.8
53,0.11,13077
53,0.12,13049.6
53,0.13,11337.5
53,0.14,12975.9
53,0.15,12922.8
53,0.16,12874.8
53,0.17,12814.1
53,0.18,10987.4
53,0.19,12699.7
53,0.2,10828.6
53,0.21,12573.2
53,0.22,12497.8
53,0.23,12427.9
53,0.24,12344.6
53,0.25,12269.4
53,0.26,12190
53,0.27,12111.4
53,0.28,12029.6
53,0.29,11944.5
53,0.3,11850.7
53,0.31,11753.9
53,0.32,11661
53,0.33,11567.1
53,0.34,11452.9
53,0.35,11377.8
53,0.36,11259.5
53,0.37,11174.2
53,0.38,11044.8
53,0.39,10936.3
53,0.4,10814.1
53,0.41,10705
53,0.42,8752.59
53,0.43,10478.3
53,0.44,10348.6
53,0.45,10229
53,0.46,10117.3
53,0.47,10001.7
53,0.48,9853.05
53,0.49,9719.38
53,0.5,9594.71
53,0.51,9446.69
53,0.52,9325.18
53,0.53,9171.27
53,0.54,9053.34
53,0.55,8904.4
53,0.56,8756.72
53,0.57,8600.65
53,0.58,8452.35
53,0.59,8320.85
53,0.6,6625.7
53,0.61,8009.49
53,0.62,7834.36
53,0.63,7705.6
53,0.64,7531.93
53,0.65,7386.24
53,0.66,5829.54
53,0.67,7054
53,0.68,5554.57
53,0.69,6686.46
53,0.7,6537.74
53,0.71,6338.02
53,0.72,6187.71
53,0.73,6004.37
53,0.74,5807.43
53,0.75,5615.28
53,0.76,5432.08
53,0.77,5227
53,0.78,5061.4
53,0.79,4871.14
53,0.8,4657.41
53,0.81,4459.48
53,0.82,4266.94
53,0.83,4032.17
53,0.84,3855.68
53,0.85,3624.32
53,0.86,2731.61
53,0.87,3220.72
53,0.88,2376.65
53,0.89,2755.67
53,0.9,2002.7
53,0.91,2287.96
53,0.92,2066.6
53,0.93,1822.71
53,0.94,1572.95
53,0.95,1323.72
53,0.96,1074.9
53,0.97,631.833
53,0.98,542.977
53,0.99,212.864
54,0,12902.5
54,0.01,12871.5
54,0.02,12840.7
54,0.03,12816.1
54,0.04,12769.2
54,0.05,12719.5
54,0.06,12688.8
54,0.07,12643.1
54,0.08,12595.9
54,0.09,12542.9
54,0.1,12494.7
54,0.11,12443.8
54,0.12,12369.5
54,0.13,12307.3
54,0.14,12251.6
54,0.15,12197.7
54,0.16,12121.3
54,0.17,12051.7
54,0.18,11966.7
54,0.19,11901.5
54,0.2,11822.9
54,0.21,11746.5
54,0.22,11659.7
54,0.23,11594.4
54,0.24,11500.9
54,0.25,11418.7
54,0.26,11342.7
54,0.27,11249.3
54,0.28,11151
54,0.29,11040.2
54,0.3,10965.4
54,0.31,10888.4
54,0.32,10774.8
54,0.33,10669.8
54,0.34,10582.5
54,0.35,10478.7
54,0.36,10368.6
54,0.37,10269
54,0.38,10160
54,0.39,10038.8
54,0.4,9924.53
54,0.41,9821.05
54,0.42,9700.19
54,0.43,9608.1
54,0.44,9476.24
54,0.45,9384.53
54,0.46,9264.11
54,0.47,9131.14
54,0.48,9002.1
54,0.49,8884.64
54,0.5,8773.29
54,0.51,8641.52
54,0.52,8493.52
54,0.53,8373.86
54,0.54,8214.6
54,0.55,8116.23
54,0.56,7964.62
54,0.57,7838.96
54,0.58,7711.9
54,0.59,7570.05
54,0.6,7418.76
54,0.61,7273.34
54,0.62,7136.17
54,0.63,6990.35
54,0.64,6846.05
54,0.65,6686.44
54,0.66,6526.96
54,0.67,6370.22
54,0.68,6231.13
54,0.69,6053.93
54,0.7,5893.17
54,0.71,5744.36
54,0.72,5582.39
54,0.73,5418.18
54,0.74,5254.24
54,0.75,5072.19
54,0.76,4920.5
54,0.77,4733.73
54,0.78,4554.08
54,0.79,4374.45
54,0.8,4194.49
54,0.81,4021.64
54,0.82,3820.15
54,0.83,3658.65
54,0.84,3463.82
54,0.85,3261.52
54,0.86,3067.26
54,0.87,2871.13
54,0.88,2674.93
54,0.89,2465.87
54,0.9,2274.56
54,0.91,2043.78
54,0.92,1842.2
54,0.93,1634.84
54,0.94,1403.22
54,0.95,1191.94
54,0.96,954.835
54,0.97,726.992
54,0.98,474.966
54,0.99,246.569
55,0,12940.6
55,0.01,13048.8
55,0.02,13130
55,0.03,12076
55,0.04,13208
55,0.05,13232
55,0.06,13225.9
55,0.07,13231.7
55,0.08,13216.6
55,0.09,11704.2
55,0.1,13176.3
55,0.11,13144.3
55,0.12,13112.9
55,0.13,11441.7
55,0.14,13023.2
55,0.15,12990.7
55,0.16,12935.7
55,0.17,12885.9
55,0.18,11069.1
55,0.19,12766.8
55,0.2,10901.7
55,0.21,12644.7
55,0.22,12568.3
55,0.23,12492.8
55,0.24,12405.9
55,0.25,12333
55,0.26,12264.2
55,0.27,12173.5
55,0.28,12083.2
55,0.29,11998.6
55,0.3,11913.7
55,0.31,11811.7
55,0.32,11703.7
55,0.33,11609.7
55,0.34,11505.2
55,0.35,11415.7
55,0.36,11294.6
55,0.37,11196.5
55,0.38,11092.8
55,0.39,10987.6
55,0.4,10875.1
55,0.41,10741.2
55,0.42,8814.89
55,0.43,10524
55,0.44,10410.4
55,0.45,10267
55,0.46,10142.3
55,0.47,9999.94
55,0.48,9873.07
55,0.49,9739.54
55,0.5,9614.53
55,0.51,9503.97
55,0.52,9362.5
55,0.53,9215.66
55,0.54,9070.67
55,0.55,8923.89
55,0.56,8768.43
55,0.57,8612.05
55,0.58,8488.41
55,0.59,8321.66
55,0.6,6681.43
55,0.61,8048.07
55,0.62,7871.6
55,0.63,7698.54
55,0.64,7544.14
55,0.65,7399.65
55,0.66,5883.81
55,0.67,7075.18
55,0.68,5586.95
55,0.69,6712.17
55,0.7,6557.35
55,0.71,6379.96
55,0.72,6187.41
55,0.73,5993.21
55,0.74,5819.71
55,0.75,5655.67
55,0.76,5465.2
55,0.77,5263.39
55,0.78,5079.63
55,0.79,4867.05
55,0.8,4668.45
55,0.81,4462.98
55,0.82,4285.06
55,0.83,4057.78
55,0.84,3854.26
55,0.85,3629.33
55,0.86,2727.79
55,0.87,3182.24
55,0.88,2376.09
55,0.89,2753.63
55,0.9,2014.45
55,0.91,2303.24
55,0.92,2068.33
55,0.93,1814.32
55,0.94,1576.96
55,0.95,1334.34
55,0.96,1080.1
55,0.97,632.453
55,0.98,556.383
55,0.99,217.777
56,0,12982.8
56,0.01,12956.9
56,0.02,12929.2
56,0.03,12878.3
56,0.04,12853.2
56,0.05,12810.4
56,0.06,12760
56,0.07,12729.5
56,0.08,12682.6
56,0.09,12622.8
56,0.1,12562.1
56,0.11,12515.8
56,0.12,12457
56,0.13,12379.6
56,0.14,12328.5
56,0.15,12264.6
56,0.16,12185.3
56,0.17,12116.4
56,0.18,12059.8
56,0.19,11972.8
56,0.2,11890.4
56,0.21,11825.8
56,0.22,11752.9
56,0.23,11662.1
56,0.24,11559.5
56,0.25,11477
56,0.26,11393.6
56,0.27,11322.3
56,0.28,11204.6
56,0.29,11133.9
56,0.3,11014.1
56,0.31,10936.4
56,0.32,10834.1
56,0.33,10744.9
56,0.34,10632.8
56,0.35,10527.8
56,0.36,10433
56,0.37,10308.9
56,0.38,10205.8
56,0.39,10098.5
56,0.4,9988.28
56,0.41,9881.85
56,0.42,9764.44
56,0.43,9642.91
56,0.44,9544.63
56,0.45,9403.48
56,0.46,9280.79
56,0.47,9176.73
56,0.48,9052.42
56,0.49,8905.33
56,0.5,8815.21
56,0.51,8662.75
56,0.52,8558.7
56,0.53,8443.51
56,0.54,8268.83
56,0.55,8151.43
56,0.56,8009.99
56,0.57,7880.44
56,0.58,7723.91
56,0.59,7602.55
56,0.6,7428.12
56,0.61,7314.88
56,0.62,7151.67
56,0.63,7026.6
56,0.64,6868.52
56,0.65,6722.14
56,0.66,6574.59
56,0.67,6414.85
56,0.68,6235.12
56,0.69,6099.06
56,0.7,5964.78
56,0.71,5789.09
56,0.72,5603.91
56,0.73,5427.22
56,0.74,5281.35
56,0.75,5084.28
56,0.76,4933.29
56,0.77,4756.68
56,0.78,4584.02
56,0.79,4409.08
56,0.8,4215.1
56,0.81,4067.13
56,0.82,3852.79
56,0.83,3666.65
56,0.84,3471.15
56,0.85,3280.06
56,0.86,3057.09
56,0.87,2885.95
56,0.88,2678.61
56,0.89,2454.58
56,0.9,2273.87
56,0.91,2061.21
56,0.92,1838.37
56,0.93,1620.87
56,0.94,1401.64
56,0.95,1171.6
56,0.96,954.316
56,0.97,721.913
56,0.98,485.637
56,0.99,252.844
57,0,13013.8
57,0.01,13138.4
57,0.02,13209.7
57,0.03,12159.2
57,0.04,13276.3
57,0.05,13299.4
57,0.06,13304.2
57,0.07,13297.5
57,0.08,13283.2
57,0.09,11813.3
57,0.1,13241.3
57,0.11,13209.8
57,0.12,13191.8
57,0.13,11526.5
57,0.14,13100.7
57,0.15,13059
57,0.16,12997.1
57,0.17,12946.3
57,0.18,11157.6
57,0.19,12833.7
57,0.2,10995.9
57,0.21,12700
57,0.22,12623.6
57,0.23,12550
57,0.24,12470
57,0.25,12397.1
57,0.26,12314
57,0.27,12231.7
57,0.28,12129.1
57,0.29,12039.3
57,0.3,11946.1
57,0.31,11867.1
57,0.32,11748.5
57,0.33,11663.4
57,0.34,11573.3
57,0.35,11478.7
57,0.36,11357.3
57,0.37,11236
57,0.38,11150.1
57,0.39,11039
57,0.4,10893.7
57,0.41,10807.3
57,0.42,8892.56
57,0.43,10562.5
57,0.44,10427.6
57,0.45,10299.6
57,0.46,10176.5
57,0.47,10052
57,0.48,9912.21
57,0.49,9788.52
57,0.5,9661.1
57,0.51,9515.29
57,0.52,9371.07
57,0.53,9252.7
57,0.54,9079.76
57,0.55,8964.45
57,0.56,8816.9
57,0.57,8678.84
57,0.58,8513.07
57,0.59,8360.38
57,0.6,6735.53
57,0.61,8044.84
57,0.62,7909.55
57,0.63,7728.74
57,0.64,7585.53
57,0.65,7398.52
57,0.66,5910.31
57,0.67,7078.14
57,0.68,5620.43
57,0.69,6749.12
57,0.7,6551.78
57,0.71,6383.52
57,0.72,6197.77
57,0.73,6003.85
57,0.74,5830.21
57,0.75,5673.37
57,0.76,5479.8
57,0.77,5307.73
57,0.78,5081.2
57,0.79,4877.39
57,0.8,4681.67
57,0.81,4489.22
57,0.82,4288.55
57,0.83,4087.59
57,0.84,3869.81
57,0.85,3645.05
57,0.86,2745.65
57,0.87,3222.19
57,0.88,2388.89
57,0.89,2770.16
57,0.9,2021.81
57,0.91,2299.03
57,0.92,2060.48
57,0.93,1821.46
57,0.94,1575.18
57,0.95,1325.9
57,0.96,1062.96
57,0.97,649.635
57,0.98,541.154
57,0.99,226.953
58,0,13062.5
58,0.01,13023
58,0.02,12994
58,0.03,12971.4
58,0.04,12927.1
58,0.05,12897.2
58,0.06,12856.4
58,0.07,12795
58,0.08,12747.3
58,0.09,12704.2
58,0.1,12648.2
58,0.11,12587.5
58,0.12,12525.5
58,0.13,12465.3
58,0.14,12392.4
58,0.15,12332.4
58,0.16,12260.5
58,0.17,12190.2
58,0.18,12115.8
58,0.19,12052.6
58,0.2,11974.3
58,0.21,11889.2
58,0.22,11790.8
58,0.23,11706.8
58,0.24,11640.5
58,0.25,11555.4
58,0.26,11466.6
58,0.27,11382.6
58,0.28,11280.3
58,0.29,11181.9
58,0.3,11098.9
58,0.31,10990.3
58,0.32,10907.8
58,0.33,10792
58,0.34,10716.9
58,0.35,10610.6
58,0.36,10482.1
58,0.37,10388.5
58,0.38,10261.7
58,0.39,10169.4
58,0.4,10041.7
58,0.41,9953.13
58,0.42,9814.48
58,0.43,9698.52
58,0.44,9608.41
58,0.45,9473.9
58,0.46,9339.44
58,0.47,9223.04
58,0.48,9098.38
58,0.49,8992.12
58,0.5,8852.02
58,0.51,8717.75
58,0.52,8586.57
58,0.53,8449.26
58,0.54,8322.22
58,0.55,8189.63
58,0.56,8059.37
58,0.57,7906.67
58,0.58,7766.43
58,0.59,7652.8
58,0.6,7483.43
58,0.61,7330.04
58,0.62,7178.08
58,0.63,7037.19
58,0.64,6879.72
58,0.65,6749.75
58,0.66,6591.97
58,0.67,6431.82
58,0.68,6279.82
58,0.69,6108.72
58,0.7,5957.65
58,0.71,5801.19
58,0.72,5625.9
58,0.73,5481.15
58,0.74,5297.52
58,0.75,5128.34
58,0.76,4964.37
58,0.77,4798.15
58,0.78,4591.02
58,0.79,4414.42
58,0.8,4234.42
58,0.81,4056.33
58,0.82,3869.85
58,0.83,3667.14
58,0.84,3482.97
58,0.85,3288.07
58,0.86,3099.31
58,0.87,2903.26
58,0.88,2699.73
58,0.89,2489.88
58,0.9,2294.11
58,0.91,2070.03
58,0.92,1862.93
58,0.93,1642.37
58,0.94,1413.14
58,0.95,1180.53
58,0.96,961.834
58,0.97,729.641
58,0.98,487.622
58,0.99,250.583
59,0,13096.6
59,0.01,13203.7
59,0.02,13274.6
59,0.03,12254.4
59,0.04,13346.9
59,0.05,13370.8
59,0.06,13368.8
59,0.07,13368.3
59,0.08,13357.1
59,0.09,11883.9
59,0.1,13312.3
59,0.11,13291.3
59,0.12,13248.4
59,0.13,11617.9
59,0.14,13171.5
59,0.15,13123.9
59,0.16,13055.2
59,0.17,13005.4
59,0.18,11217.1
59,0.19,12886.9
59,0.2,11071.5
59,0.21,12760.3
59,0.22,12686
59,0.23,12593.7
59,0.24,12524.1
59,0.25,12446.5
59,0.26,12363.5
59,0.27,12282.2
59,0.28,12186.1
59,0.29,12103
59,0.3,12013.1
59,0.31,11905.9
59,0.32,11817.8
59,0.33,11725.3
59,0.34,11607.4
59,0.35,11507
59,0.36,11410.8
59,0.37,11289.4
59,0.38,11176.5
59,0.39,11063.3
59,0.4,10962.8
59,0.41,10852
59,0.42,8942.18
59,0.43,10593.5
59,0.44,10470.3
59,0.45,10348.9
59,0.46,10237.5
59,0.47,10080.9
59,0.48,9961.63
59,0.49,9832.84
59,0.5,9680.52
59,0.51,9544.31
59,0.52,9409.83
59,0.53,9273.88
59,0.54,9127.83
59,0.55,8992.38
59,0.56,8846.12
59,0.57,8683.89
59,0.58,8536.18
59,0.59,8375.32
59,0.6,6787.55
59,0.61,8085.73
59,0.62,7928.97
59,0.63,7774.46
59,0.64,7585.56
59,0.65,7441.83
59,0.66,5928.45
59,0.67,7118.54
59,0.68,5671.73
59,0.69,6744.71
59,0.7,6589.69
59,0.71,6385.97
59,0.72,6231.5
59,0.73,6044.71
59,0.74,5859.28
59,0.75,5660
59,0.76,5478.4
59,0.77,5275.46
59,0.78,5094.1
59,0.79,4913.03
59,0.8,4668.56
59,0.81,4492.54
59,0.82,4289.98
59,0.83,4091
59,0.84,3865.49
59,0.85,3639.32
59,0.86,2783.5
59,0.87,3197.03
59,0.88,2410.22
59,0.89,2761.31
59,0.9,2029.37
59,0.91,2306.21
59,0.92,2074.11
59,0.93,1799.38
59,0.94,1558.14
59,0.95,1329.84
59,0.96,1066.19
59,0.97,640.922
59,0.98,537.153
59,0.99,220.806
60,0,13134.6
60,0.01,13100.6
60,0.02,13072.2
60,0.03,13046.4
60,0.04,13002.3
60,0.05,12962.2
60,0.06,12915.9
60,0.07,12871.3
60,0.08,12828.4
60,0.09,12771.3
60,0.1,12716.6
60,0.11,12664.4
60,0.12,12596.4
60,0.13,12547.5
60,0.14,12478.8
60,0.15,12408.4
60,0.16,12323.3
60,0.17,12262.7
60,0.18,12184.4
60,0.19,12111.6
60,0.2,12027.9
60,0.21,11949.8
60,0.22,11872.4
60,0.23,11778
60,0.24,11701.5
60,0.25,11614.2
60,0.26,11530.5
60,0.27,11433
60,0.28,11346.7
60,0.29,11246.3
60,0.3,11159.2
60,0.31,11068.8
60,0.32,10964.5
60,0.33,10859.9
60,0.34,10762.3
60,0.35,10635.7
60,0.36,10537.8
60,0.37,10424.7
60,0.38,10321.4
60,0.39,10212.8
60,0.4,10099
60,0.41,9978.54
60,0.42,9868.64
60,0.43,9757.59
60,0.44,9631.08
60,0.45,9529.72
60,0.46,9392.76
60,0.47,9281.16
60,0.48,9154.38
60,0.49,9022.74
60,0.5,8888.99
60,0.51,8770
60,0.52,8637.67
60,0.53,8506.12
60,0.54,8353.61
60,0.55,8233.08
60,0.56,8093.57
60,0.57,7957.8
60,0.58,7810.28
60,0.59,7655.74
60,0.6,7541.65
60,0.61,7391.84
60,0.62,7220.12
60,0.63,7060.21
60,0.64,6940.42
60,0.65,6765.55
60,0.66,6612.21
60,0.67,6481.05
60,0.68,6294.43
60,0.69,6138.69
60,0.7,6008.35
60,0.71,5798.64
60,0.72,5631.99
60,0.73,5492.87
60,0.74,5306.03
60,0.75,5153.01
60,0.76,4979.67
60,0.77,4789.21
60,0.78,4606.43
60,0.79,4443.87
60,0.8,4272.02
60,0.81,4060.84
60,0.82,3880.08
60,0.83,3690.2
60,0.84,3499.81
60,0.85,3294.21
60,0.86,3101.52
60,0.87,2914.53
60,0.88,2693.83
60,0.89,2483.25
60,0.9,2280.55
60,0.91,2071.55
60,0.92,1856.2
60,0.93,1639.14
60,0.94,1414.72
60,0.95,1195.17
60,0.96,947.485
60,0.97,721.853
60,0.98,497.284
60,0.99,246.69
61,0,13163.2
61,0.01,13286.5
61,0.02,13341.3
61,0.03,12328.6
61,0.04,13419.8
61,0.05,13435.6
61,0.06,13437.6
61,0.07,13434.8
61,0.08,13432.7
61,0.09,11963.6
61,0.1,13381.6
61,0.11,13343
61,0.12,13308.7
61,0.13,11694.8
61,0.14,13224
61,0.15,13174.3
61,0.16,13123.5
61,0.17,13069.2
61,0.18,11310.8
61,0.19,12945.4
61,0.2,11150.6
61,0.21,12808.9
61,0.22,12734.6
61,0.23,12668.7
61,0.24,12568.4
61,0.25,12503.5
61,0.26,12414.7
61,0.27,12343
61,0.28,12236.2
61,0.29,12155.7
61,0.3,12057.4
61,0.31,11946.4
61,0.32,11868.6
61,0.33,11751.8
61,0.34,11656.1
61,0.35,11556.3
61,0.36,11448.7
61,0.37,11340.6
61,0.38,11232.7
61,0.39,11114
61,0.4,11002.8
61,0.41,10868.6
61,0.42,9032.24
61,0.43,10638.2
61,0.44,10500.3
61,0.45,10381.8
61,0.46,10250.4
61,0.47,10134.7
61,0.48,9999.76
61,0.49,9859
61,0.5,9725.16
61,0.51,9602.56
61,0.52,9443.74
61,0.53,9298.73
61,0.54,9177.67
61,0.55,9005.39
61,0.56,8861.29
61,0.57,8721.97
61,0.58,8563.44
61,0.59,8420.06
61,0.6,6799.99
61,0.61,8104.92
61,0.62,7949.05
61,0.63,7780.71
61,0.64,7620.28
61,0.65,7450.86
61,0.66,5967.47
61,0.67,7111.74
61,0.68,5701.86
61,0.69,6778.55
61,0.7,6598.01
61,0.71,6420.95
61,0.72,6227.45
61,0.73,6044.89
61,0.74,5865.49
61,0.75,5691.73
61,0.76,5497.85
61,0.77,5279.86
61,0.78,5089.25
61,0.79,4905.02
61,0.8,4704.23
61,0.81,4514.22
61,0.82,4311.64
61,0.83,4076.47
61,0.84,3881.22
61,0.85,3650.07
61,0.86,2777.92
61,0.87,3217.26
61,0.88,2407.64
61,0.89,2755.37
61,0.9,2057.79
61,0.91,2292.86
61,0.92,2052.36
61,0.93,1814.98
61,0.94,1577.4
61,0.95,1327.67
61,0.96,1063.92
61,0.97,656.566
61,0.98,538.801
61,0.99,214.428
62,0,13201
62,0.01,13175.2
62,0.02,13137.3
62,0.03,13105.6
62,0.04,13061.3
62,0.05,13032.6
62,0.06,12990.7
62,0.07,12948.1
62,0.08,12891.9
62,0.09,12849.1
62,0.1,12782.8
62,0.11,12713.1
62,0.12,12663.6
62,0.13,12601.7
62,0.14,12542.9
62,0.15,12463.7
62,0.16,12398.1
62,0.17,12314.6
62,0.18,12270.4
62,0.19,12172.8
62,0.2,12089.8
62,0.21,12015.1
62,0.22,11949.8
62,0.23,11835.4
62,0.24,11775.2
62,0.25,11669.6
62,0.26,11580.6
62,0.27,11505.4
62,0.28,11412.2
62,0.29,11308.2
62,0.3,11219.2
62,0.31,11108.2
62,0.32,11016.8
62,0.33,10922.4
62,0.34,10808.3
62,0.35,10687.3
62,0.36,10609
62,0.37,10479.4
62,0.38,10377.1
62,0.39,10245.6
62,0.4,10145.5
62,0.41,10030.8
62,0.42,9927.41
62,0.43,9804.05
62,0.44,9700.14
62,0.45,9554.49
62,0.46,9463.3
62,0.47,9312.7
62,0.48,9202.9
62,0.49,9065.83
62,0.5,8947.56
62,0.51,8785.04
62,0.52,8660.77
62,0.53,8570.5
62,0.54,8413.34
62,0.55,8243.44
62,0.56,8120.84
62,0.57,7991.41
62,0.58,7844.66
62,0.59,7715.61
62,0.6,7563.82
62,0.61,7405.55
62,0.62,7260.84
62,0.63,7122.6
62,0.64,6944.92
62,0.65,6789.19
62,0.66,6649.3
62,0.67,6521.49
62,0.68,6343.93
62,0.69,6164.57
62,0.7,6006.77
62,0.71,5845.17
62,0.72,5668.75
62,0.73,5524.44
62,0.74,5337.09
62,0.75,5166.2
62,0.76,4991.9
62,0.77,4803.57
62,0.78,4610.17
62,0.79,4447.3
62,0.8,4254.41
62,0.81,4087.17
62,0.82,3899.27
62,0.83,3696.17
62,0.84,3514.99
62,0.85,3317
62,0.86,3130.48
62,0.87,2915.52
62,0.88,2704.68
62,0.89,2510.09
62,0.9,2295.69
62,0.91,2083.72
62,0.92,1867.49
62,0.93,1650.25
62,0.94,1420.95
62,0.95,1192.85
62,0.96,961.694
62,0.97,728.306
62,0.98,489.184
62,0.99,248.197
63,0,13236.1
63,0.01,13340.9
63,0.02,13412.1
63,0.03,12421.1
63,0.04,13487
63,0.05,13504.2
63,0.06,13511.3
63,0.07,13500.6
63,0.08,13490.7
63,0.09,12053.6
63,0.1,13440.1
63,0.11,13407.9
63,0.12,13360.8
63,0.13,11759.4
63,0.14,13284.1
63,0.15,13245.5
63,0.16,13173.4
63,0.17,13120.3
63,0.18,11376.6
63,0.19,12999.2
63,0.2,11224.5
63,0.21,12862.1
63,0.22,12784.4
63,0.23,12706.5
63,0.24,12628.2
63,0.25,12543.3
63,0.26,12461.3
63,0.27,12382.4
63,0.28,12289.8
63,0.29,12205.5
63,0.3,12110.5
63,0.31,11994.3
63,0.32,11903.9
63,0.33,11810.5
63,0.34,11706.1
63,0.35,11591.4
63,0.36,11493.6
63,0.37,11369.4
63,0.38,11259.8
63,0.39,11148.6
63,0.4,11021.9
63,0.41,10908.7
63,0.42,9075.25
63,0.43,10673.6
63,0.44,10539.5
63,0.45,10428.4
63,0.46,10286
63,0.47,10171.4
63,0.48,10051.1
63,0.49,9895.99
63,0.5,9763.62
63,0.51,9636.4
63,0.52,9477.74
63,0.53,9355.48
63,0.54,9185.43
63,0.55,9029.17
63,0.56,8897.34
63,0.57,8754.43
63,0.58,8599.41
63,0.59,8448.31
63,0.6,6865.3
63,0.61,8101.61
63,0.62,7972.69
63,0.63,7790.95
63,0.64,7637.67
63,0.65,7472.18
63,0.66,6018.46
63,0.67,7145.71
63,0.68,5729.61
63,0.69,6817.46
63,0.7,6628.61
63,0.71,6424.53
63,0.72,6248.88
63,0.73,6081.38
63,0.74,5897
63,0.75,5674.58
63,0.76,5510.99
63,0.77,5315.63
63,0.78,5113.39
63,0.79,4921.73
63,0.8,4707.65
63,0.81,4512.09
63,0.82,4313.42
63,0.83,4081.77
63,0.84,3871.7
63,0.85,3664.14
63,0.86,2798.52
63,0.87,3222.56
63,0.88,2439.07
63,0.89,2785.6
63,0.9,2056.74
63,0.91,2293.79
63,0.92,2060.99
63,0.93,1811.91
63,0.94,1566.86
63,0.95,1323.08
63,0.96,1065.28
63,0.97,642.933
63,0.98,540.421
63,0.99,226.672
64,0,13273.5
64,0.01,13246.8
64,0.02,13214.3
64,0.03,13176.7
64,0.04,13130.3
64,0.05,13107.6
64,0.06,13055.6
64,0.07,13011.9
64,0.08,12965.3
64,0.09,12891.8
64,0.1,12851.5
64,0.11,12795.9
64,0.12,12726.8
64,0.13,12665.9
64,0.14,12599
64,0.15,12536.2
64,0.16,12463.2
64,0.17,12380.1
64,0.18,12314
64,0.19,12232.7
64,0.2,12165.8
64,0.21,12081.5
64,0.22,11981.1
64,0.23,11906.1
64,0.24,11826.7
64,0.25,11736.6
64,0.26,11640.1
64,0.27,11533.3
64,0.28,11463.4
64,0.29,11355.2
64,0.3,11272.1
64,0.31,11158.4
64,0.32,11062.8
64,0.33,10979.6
64,0.34,10863.5
64,0.35,10763.9
64,0.36,10644
64,0.37,10543.7
64,0.38,10431.5
64,0.39,10315.5
64,0.4,10192
64,0.41,10071.9
64,0.42,9968.62
64,0.43,9847.53
64,0.44,9728.19
64,0.45,9602.92
64,0.46,9465.25
64,0.47,9371.44
64,0.48,9238.82
64,0.49,9102.53
64,0.5,8975.46
64,0.51,8844.07
64,0.52,8717.83
64,0.53,8575.43
64,0.54,8447.75
64,0.55,8314.09
64,0.56,8162.59
64,0.57,8015.29
64,0.58,7874.82
64,0.59,7755.01
64,0.6,7597.66
64,0.61,7446.34
64,0.62,7300.34
64,0.63,7137.04
64,0.64,6981.98
64,0.65,6843.89
64,0.66,6661.79
64,0.67,6515.04
64,0.68,6362.1
64,0.69,6203.75
64,0.7,6022.84
64,0.71,5872.82
64,0.72,5716.56
64,0.73,5530.86
64,0.74,5336.6
64,0.75,5174.28
64,0.76,5019.98
64,0.77,4827.89
64,0.78,4660.87
64,0.79,4489.01
64,0.8,4294.86
64,0.81,4096.18
64,0.82,3908.02
64,0.83,3721.72
64,0.84,3515.6
64,0.85,3334.99
64,0.86,3122.59
64,0.87,2926.48
64,0.88,2731.35
64,0.89,2504.65
64,0.9,2303.7
64,0.91,2066.63
64,0.92,1863.42
64,0.93,1653.07
64,0.94,1417.93
64,0.95,1204.05
64,0.96,973.914
64,0.97,725.356
64,0.98,489.529
64,0.99,245.883
65,0,13311.8
65,0.01,13412.3
65,0.02,13487.7
65,0.03,12493.8
65,0.04,13555.2
65,0.05,13572.3
65,0.06,13566.6
65,0.07,13557.2
65,0.08,13549.2
65,0.09,12118.6
65,0.1,13502.2
65,0.11,13469
65,0.12,13433.5
65,0.13,11823.7
65,0.14,13346.6
65,0.15,13290.7
65,0.16,13247.5
65,0.17,13173.9
65,0.18,11456.9
65,0.19,13052.4
65,0.2,11291.5
65,0.21,12912.8
65,0.22,12838.3
65,0.23,12763.3
65,0.24,12684.5
65,0.25,12586.8
65,0.26,12506.2
65,0.27,12414.9
65,0.28,12325.6
65,0.29,12243.2
65,0.3,12133.9
65,0.31,12038.6
65,0.32,11947.1
65,0.33,11837.5
65,0.34,11737
65,0.35,11632.9
65,0.36,11536.8
65,0.37,11399.7
65,0.38,11317.4
65,0.39,11180
65,0.4,11061.2
65,0.41,10955
65,0.42,9139.12
65,0.43,10715.1
65,0.44,10593.4
65,0.45,10466.4
65,0.46,10310.4
65,0.47,10203.9
65,0.48,10085.6
65,0.49,9910.66
65,0.5,9773.04
65,0.51,9640.98
65,0.52,9491.5
65,0.53,9382.08
65,0.54,9229.4
65,0.55,9061.68
65,0.56,8936.96
65,0.57,8749.96
65,0.58,8613.49
65,0.59,8470.31
65,0.6,6876.3
65,0.61,8144.85
65,0.62,7998.81
65,0.63,7812.2
65,0.64,7650.77
65,0.65,7509.04
65,0.66,6071
65,0.67,7179.18
65,0.68,5748.36
65,0.69,6781.4
65,0.7,6637.07
65,0.71,6442.64
65,0.72,6265.63
65,0.73,6079.4
65,0.74,5894.54
65,0.75,5706.93
65,0.76,5508.19
65,0.77,5293.19
65,0.78,5121.18
65,0.79,4931.48
65,0.8,4732.69
65,0.81,4528.33
65,0.82,4317.47
65,0.83,4104.43
65,0.84,3873.75
65,0.85,3662.75
65,0.86,2833.69
65,0.87,3232.73
65,0.88,2453.9
65,0.89,2782.87
65,0.9,2062.62
65,0.91,2301.03
65,0.92,2068.64
65,0.93,1829.95
65,0.94,1565.83
65,0.95,1318.33
65,0.96,1060.31
65,0.97,657.657
65,0.98,544.002
65,0.99,219.184
66,0,13331
66,0.01,13312.5
66,0.02,13285.7
66,0.03,13249
66,0.04,13211.9
66,0.05,13167.1
66,0.06,13124.3
66,0.07,13075.5
66,0.08,13032
66,0.09,12967.7
66,0.1,12912.1
66,0.11,12854.6
66,0.12,12791.5
66,0.13,12728.7
66,0.14,12650.7
66,0.15,12603.4
66,0.16,12513.4
66,0.17,12451.8
66,0.18,12375.4
66,0.19,12297.5
66,0.2,12219.8
66,0.21,12138.6
66,0.22,12040.5
66,0.23,11975.5
66,0.24,11872.3
66,0.25,11797
66,0.26,11699.1
66,0.27,11601.2
66,0.28,11511.1
66,0.29,11422.1
66,0.3,11317.4
66,0.31,11213.5
66,0.32,11121.1
66,0.33,11036.3
66,0.34,10911.9
66,0.35,10797
66,0.36,10695.1
66,0.37,10573.2
66,0.38,10485.4
66,0.39,10380.8
66,0.4,10239.8
66,0.41,10139.4
66,0.42,10006.9
66,0.43,9895.62
66,0.44,9761.12
66,0.45,9637.29
66,0.46,9529.19
66,0.47,9390.61
66,0.48,9278.64
66,0.49,9135.16
66,0.5,9018.99
66,0.51,8869.65
66,0.52,8754.46
66,0.53,8599.81
66,0.54,8468.54
66,0.55,8334.08
66,0.56,8200.55
66,0.57,8050.45
66,0.58,7928.43
66,0.59,7767.7
66,0.6,7609.6
66,0.61,7464.29
66,0.62,7327.63
66,0.63,7174.51
66,0.64,7020.45
66,0.65,6845.56
66,0.66,6697.79
66,0.67,6544.09
66,0.68,6380.75
66,0.69,6212.77
66,0.7,6064.41
66,0.71,5888.33
66,0.72,5715.62
66,0.73,5544.94
66,0.74,5387.76
66,0.75,5182.79
66,0.76,5035.72
66,0.77,4835.09
66,0.78,4660.39
66,0.79,4473.8
66,0.8,4298.74
66,0.81,4090.72
66,0.82,3926.51
66,0.83,3731.05
66,0.84,3528.64
66,0.85,3324.22
66,0.86,3138.89
66,0.87,2937.09
66,0.88,2712.9
66,0.89,2503.34
66,0.9,2289.55
66,0.91,2096.75
66,0.92,1870.96
66,0.93,1644.38
66,0.94,1424.14
66,0.95,1190.76
66,0.96,961.484
66,0.97,730.198
66,0.98,499.257
66,0.99,242.589
67,0,13363.5
67,0.01,13475.3
67,0.02,13547.5
67,0.03,12575.9
67,0.04,13614.9
67,0.05,13627.6
67,0.06,13637
67,0.07,13624.7
67,0.08,13609.7
67,0.09,12201.1
67,0.1,13562.2
67,0.11,13532.8
67,0.12,13489.3
67,0.13,11914.4
67,0.14,13397
67,0.15,13348.6
67,0.16,13286.3
67,0.17,13228
67,0.18,11522.8
67,0.19,13120
67,0.2,11346.2
67,0.21,12966.9
67,0.22,12893.3
67,0.23,12802.3
67,0.24,12737.2
67,0.25,12643.7
67,0.26,12557.3
67,0.27,12473
67,0.28,12365
67,0.29,12289.4
67,0.3,12193.8
67,0.31,12106.4
67,0.32,11982.7
67,0.33,11884.9
67,0.34,11782.2
67,0.35,11673.5
67,0.36,11566
67,0.37,11468.5
67,0.38,11338.7
67,0.39,11220.8
67,0.4,11100.1
67,0.41,10988.2
67,0.42,9179.4
67,0.43,10729.4
67,0.44,10608.7
67,0.45,10484
67,0.46,10347.2
67,0.47,10222.8
67,0.48,10104.2
67,0.49,9957.16
67,0.5,9827.47
67,0.51,9699.53
67,0.52,9552.25
67,0.53,9373.56
67,0.54,9256.14
67,0.55,9108.88
67,0.56,8948.21
67,0.57,8827.16
67,0.58,8648.71
67,0.59,8492.29
67,0.6,6936.38
67,0.61,8183.34
67,0.62,8025.3
67,0.63,7843.83
67,0.64,7681.01
67,0.65,7523.56
67,0.66,6088.74
67,0.67,7187.54
67,0.68,5794.51
67,0.69,6823.03
67,0.7,6665.21
67,0.71,6465.12
67,0.72,6265.26
67,0.73,6088.43
67,0.74,5908.29
67,0.75,5719.95
67,0.76,5527.92
67,0.77,5332.46
67,0.78,5130.74
67,0.79,4914.22
67,0.8,4727.44
67,0.81,4523.19
67,0.82,4328.7
67,0.83,4105.74
67,0.84,3882.49
67,0.85,3661.02
67,0.86,2819.77
67,0.87,3241.77
67,0.88,2443.05
67,0.89,2772.29
67,0.9,2066.16
67,0.91,2310.49
67,0.92,2069.19
67,0.93,1834.88
67,0.94,1576.38
67,0.95,1336.15
67,0.96,1077.06
67,0.97,657.642
67,0.98,552.201
67,0.99,214.826
68,0,13398.8
68,0.01,13379.6
68,0.02,13350.1
68,0.03,13305.9
68,0.04,13277.3
68,0.05,13232
68,0.06,13185.4
68,0.07,13136.7
68,0.08,13092.6
68,0.09,13022.1
68,0.1,12970.2
68,0.11,12911.9
68,0.12,12852.4
68,0.13,12791.4
68,0.14,12707.6
68,0.15,12647.6
68,0.16,12574.1
68,0.17,12514.6
68,0.18,12434.5
68,0.19,12356.3
68,0.2,12278.6
68,0.21,12191.1
68,0.22,12109
68,0.23,12026.3
68,0.24,11930.5
68,0.25,11843.4
68,0.26,11749.9
68,0.27,11674.3
68,0.28,11563.8
68,0.29,11475.3
68,0.3,11359.4
68,0.31,11272.8
68,0.32,11168.5
68,0.33,11085.1
68,0.34,10950.9
68,0.35,10857.5
68,0.36,10737.3
68,0.37,10638.7
68,0.38,10530.5
68,0.39,10417.7
68,0.4,10279.7
68,0.41,10182
68,0.42,10072
68,0.43,9925.57
68,0.44,9819
68,0.45,9679.82
68,0.46,9575.92
68,0.47,9438.62
68,0.48,9311.14
68,0.49,9180.18
68,0.5,9065.63
68,0.51,8903.21
68,0.52,8773.79
68,0.53,8639.69
68,0.54,8508.8
68,0.55,8371.33
68,0.56,8222.86
68,0.57,8080.1
68,0.58,7942.96
68,0.59,7795.78
68,0.6,7650.15
68,0.61,7504.45
68,0.62,7363.2
68,0.63,7180.62
68,0.64,7021.68
68,0.65,6900.35
68,0.66,6746.06
68,0.67,6574.02
68,0.68,6401.21
68,0.69,6226.6
68,0.7,6052.9
68,0.71,5901.67
68,0.72,5721.31
68,0.73,5577.98
68,0.74,5395.66
68,0.75,5219.61
68,0.76,5036.21
68,0.77,4867.84
68,0.78,4687.31
68,0.79,4499.35
68,0.8,4305.88
68,0.81,4120.56
68,0.82,3936.33
68,0.83,3711.12
68,0.84,3522.19
68,0.85,3350.08
68,0.86,3153.13
68,0.87,2959.35
68,0.88,2732.94
68,0.89,2520.38
68,0.9,2304.81
68,0.91,2080.09
68,0.92,1886.31
68,0.93,1651.03
68,0.94,1442.17
68,0.95,1202.73
68,0.96,976.917
68,0.97,736.102
68,0.98,489.701
68,0.99,252.672
69,0,13430.4
69,0.01,13533.2
69,0.02,13612.2
69,0.03,12647.4
69,0.04,13672.9
69,0.05,13689.4
69,0.06,13698.6
69,0.07,13681.3
69,0.08,13667.1
69,0.09,12284.5
69,0.1,13613.4
69,0.11,13584.1
69,0.12,13543.8
69,0.13,11989.4
69,0.14,13459.3
69,0.15,13398.8
69,0.16,13351.3
69,0.17,13273.9
69,0.18,11587.1
69,0.19,13147.4
69,0.2,11434.1
69,0.21,13004
69,0.22,12931.4
69,0.23,12843.3
69,0.24,12765.2
69,0.25,12681
69,0.26,12605.3
69,0.27,12515.9
69,0.28,12419.8
69,0.29,12327
69,0.3,12234
69,0.31,12136.1
69,0.32,12027.4
69,0.33,11935.8
69,0.34,11821.8
69,0.35,11727
69,0.36,11604.1
69,0.37,11495.7
69,0.38,11366.9
69,0.39,11262.4
69,0.4,11147.9
69,0.41,11026.3
69,0.42,9239.87
69,0.43,10771.2
69,0.44,10654
69,0.45,10529
69,0.46,10396.8
69,0.47,10242.6
69,0.48,10110.3
69,0.49,9979.89
69,0.5,9848.71
69,0.51,9694.68
69,0.52,9561.22
69,0.53,9430.51
69,0.54,9266.84
69,0.55,9105.62
69,0.56,8981.06
69,0.57,8814.99
69,0.58,8660.18
69,0.59,8486.44
69,0.6,6963.5
69,0.61,8217.12
69,0.62,8018.3
69,0.63,7861.47
69,0.64,7707.91
69,0.65,7526.22
69,0.66,6101.06
69,0.67,7199.52
69,0.68,5842.6
69,0.69,6826.93
69,0.7,6647.05
69,0.71,6494.04
69,0.72,6290.11
69,0.73,6117.7
69,0.74,5926.11
69,0.75,5697.83
69,0.76,5539.77
69,0.77,5349.15
69,0.78,5138.2
69,0.79,4924.7
69,0.8,4752.39
69,0.81,4519.64
69,0.82,4335.84
69,0.83,4111.37
69,0.84,3915.13
69,0.85,3685.91
69,0.86,2837.82
69,0.87,3254.18
69,0.88,2448.56
69,0.89,2767.19
69,0.9,2085.37
69,0.91,2315.72
69,0.92,2085.34
69,0.93,1820.58
69,0.94,1586.52
69,0.95,1328.55
69,0.96,1065.81
69,0.97,659.351
69,0.98,533.434
69,0.99,221.423
380,0,289649
